value_rank,domain,word,length,google_20k_rank,is_google_20k
1,about.ai,about,5,36,yes
2,search.ai,search,6,41,yes
3,other.ai,other,5,46,yes
4,which.ai,which,5,57,yes
5,their.ai,their,5,58,yes
6,there.ai,there,5,63,yes
7,first.ai,first,5,83,yes
8,would.ai,would,5,86,yes
9,these.ai,these,5,93,yes
10,click.ai,click,5,94,yes
11,price.ai,price,5,101,yes
12,people.ai,people,6,105,yes
13,state.ai,state,5,111,yes
14,health.ai,health,6,117,yes
15,world.ai,world,5,119,yes
16,music.ai,music,5,129,yes
17,should.ai,should,6,134,yes
18,system.ai,system,6,136,yes
19,policy.ai,policy,6,142,yes
20,number.ai,number,6,143,yes
21,please.ai,please,6,145,yes
22,after.ai,after,5,150,yes
23,video.ai,video,5,156,yes
24,where.ai,where,5,159,yes
25,public.ai,public,6,162,yes
26,school.ai,school,6,165,yes
27,links.ai,links,5,169,yes
28,review.ai,review,6,171,yes
29,order.ai,order,5,173,yes
30,group.ai,group,5,181,yes
31,under.ai,under,5,190,yes
32,could.ai,could,5,208,yes
33,great.ai,great,5,209,yes
34,united.ai,united,6,210,yes
35,hotel.ai,hotel,5,211,yes
36,center.ai,center,6,216,yes
37,store.ai,store,5,219,yes
38,travel.ai,travel,6,220,yes
39,report.ai,report,6,224,yes
40,member.ai,member,6,226,yes
41,before.ai,before,6,230,yes
42,right.ai,right,5,234,yes
43,local.ai,local,5,237,yes
44,those.ai,those,5,238,yes
45,office.ai,office,6,241,yes
46,design.ai,design,6,245,yes
47,posted.ai,posted,6,247,yes
48,within.ai,within,6,251,yes
49,phone.ai,phone,5,255,yes
50,forum.ai,forum,5,261,yes
51,family.ai,family,6,262,yes
52,based.ai,based,5,265,yes
53,black.ai,black,5,271,yes
54,check.ai,check,5,272,yes
55,index.ai,index,5,276,yes
56,being.ai,being,5,277,yes
57,today.ai,today,5,284,yes
58,south.ai,south,5,286,yes
59,found.ai,found,5,295,yes
60,sports.ai,sports,6,296,yes
61,house.ai,house,5,297,yes
62,county.ai,county,6,302,yes
63,photo.ai,photo,5,304,yes
64,power.ai,power,5,307,yes
65,while.ai,while,5,308,yes
66,three.ai,three,5,314,yes
67,total.ai,total,5,315,yes
68,place.ai,place,5,316,yes
69,access.ai,access,6,324,yes
70,think.ai,think,5,325,yes
71,north.ai,north,5,326,yes
72,media.ai,media,5,331,yes
73,water.ai,water,5,334,yes
74,since.ai,since,5,340,yes
75,guide.ai,guide,5,342,yes
76,board.ai,board,5,345,yes
77,change.ai,change,6,347,yes
78,white.ai,white,5,348,yes
79,small.ai,small,5,350,yes
80,rating.ai,rating,6,351,yes
81,during.ai,during,6,355,yes
82,return.ai,return,6,357,yes
83,times.ai,times,5,362,yes
84,level.ai,level,5,364,yes
85,image.ai,image,5,376,yes
86,title.ai,title,5,378,yes
87,shall.ai,shall,5,386,yes
88,class.ai,class,5,388,yes
89,still.ai,still,5,390,yes
90,money.ai,money,5,391,yes
91,every.ai,every,5,393,yes
92,little.ai,little,6,398,yes
93,visit.ai,visit,5,399,yes
94,reply.ai,reply,5,403,yes
95,value.ai,value,5,410,yes
96,source.ai,source,6,419,yes
97,author.ai,author,6,420,yes
98,press.ai,press,5,422,yes
99,learn.ai,learn,5,424,yes
100,around.ai,around,6,426,yes
101,print.ai,print,5,427,yes
102,course.ai,course,6,428,yes
103,canada.ai,canada,6,430,yes
104,stock.ai,stock,5,434,yes
105,credit.ai,credit,6,437,yes
106,point.ai,point,5,438,yes
107,estate.ai,estate,6,450,yes
108,select.ai,select,6,453,yes
109,thread.ai,thread,6,457,yes
110,large.ai,large,5,462,yes
111,table.ai,table,5,464,yes
112,market.ai,market,6,470,yes
113,really.ai,really,6,472,yes
114,action.ai,action,6,473,yes
115,start.ai,start,5,474,yes
116,series.ai,series,6,475,yes
117,model.ai,model,5,476,yes
118,human.ai,human,5,481,yes
119,second.ai,second,6,486,yes
120,movie.ai,movie,5,490,yes
121,march.ai,march,5,492,yes
122,better.ai,better,6,495,yes
123,yahoo.ai,yahoo,5,499,yes
124,going.ai,going,5,500,yes
125,friend.ai,friend,6,503,yes
126,server.ai,server,6,506,yes
127,study.ai,study,5,508,yes
128,staff.ai,staff,5,511,yes
129,again.ai,again,5,515,yes
130,never.ai,never,5,520,yes
131,street.ai,street,6,523,yes
132,topic.ai,topic,5,524,yes
133,person.ai,person,6,532,yes
134,below.ai,below,5,533,yes
135,mobile.ai,mobile,6,534,yes
136,party.ai,party,5,538,yes
137,login.ai,login,5,541,yes
138,legal.ai,legal,5,546,yes
139,above.ai,above,5,547,yes
140,recent.ai,recent,6,548,yes
141,memory.ai,memory,6,556,yes
142,social.ai,social,6,558,yes
143,august.ai,august,6,560,yes
144,quote.ai,quote,5,561,yes
145,story.ai,story,5,563,yes
146,create.ai,create,6,568,yes
147,young.ai,young,5,571,yes
148,field.ai,field,5,574,yes
149,paper.ai,paper,5,577,yes
150,single.ai,single,6,578,yes
151,latest.ai,latest,6,588,yes
152,night.ai,night,5,594,yes
153,poker.ai,poker,5,601,yes
154,status.ai,status,6,602,yes
155,browse.ai,browse,6,603,yes
156,issue.ai,issue,5,604,yes
157,range.ai,range,5,605,yes
158,seller.ai,seller,6,607,yes
159,court.ai,court,5,608,yes
160,always.ai,always,6,610,yes
161,result.ai,result,6,611,yes
162,audio.ai,audio,5,612,yes
163,light.ai,light,5,613,yes
164,write.ai,write,5,614,yes
165,offer.ai,offer,5,617,yes
166,given.ai,given,5,622,yes
167,event.ai,event,5,624,yes
168,china.ai,china,5,629,yes
169,making.ai,making,6,630,yes
170,needs.ai,needs,5,632,yes
171,might.ai,might,5,634,yes
172,month.ai,month,5,637,yes
173,major.ai,major,5,638,yes
174,future.ai,future,6,641,yes
175,space.ai,space,5,642,yes
176,become.ai,become,6,652,yes
177,child.ai,child,5,655,yes
178,enter.ai,enter,5,657,yes
179,share.ai,share,5,660,yes
180,garden.ai,garden,6,662,yes
181,added.ai,added,5,665,yes
182,listed.ai,listed,6,668,yes
183,energy.ai,energy,6,671,yes
184,notice.ai,notice,6,689,yes
185,radio.ai,radio,5,693,yes
186,until.ai,until,5,694,yes
187,color.ai,color,5,696,yes
188,track.ai,track,5,701,yes
189,format.ai,format,6,709,yes
190,least.ai,least,5,710,yes
191,safety.ai,safety,6,714,yes
192,trade.ai,trade,5,718,yes
193,green.ai,green,5,733,yes
194,close.ai,close,5,735,yes
195,common.ai,common,6,736,yes
196,drive.ai,drive,5,737,yes
197,living.ai,living,6,742,yes
198,short.ai,short,5,746,yes
199,daily.ai,daily,5,756,yes
200,beach.ai,beach,5,757,yes
201,period.ai,period,6,766,yes
202,window.ai,window,6,777,yes
203,region.ai,region,6,780,yes
204,island.ai,island,6,781,yes
205,record.ai,record,6,782,yes
206,direct.ai,direct,6,783,yes
207,style.ai,style,5,792,yes
208,front.ai,front,5,794,yes
209,update.ai,update,6,796,yes
210,early.ai,early,5,801,yes
211,sound.ai,sound,5,803,yes
212,either.ai,either,6,807,yes
213,works.ai,works,5,811,yes
214,final.ai,final,5,820,yes
215,adult.ai,adult,5,821,yes
216,thing.ai,thing,5,823,yes
217,cheap.ai,cheap,5,827,yes
218,third.ai,third,5,835,yes
219,cover.ai,cover,5,846,yes
220,global.ai,global,6,857,yes
221,player.ai,player,6,863,yes
222,often.ai,often,5,866,yes
223,submit.ai,submit,6,868,yes
224,amount.ai,amount,6,870,yes
225,watch.ai,watch,5,871,yes
226,though.ai,though,6,874,yes
227,thanks.ai,thanks,6,877,yes
228,weight.ai,weight,6,887,yes
229,heart.ai,heart,5,889,yes
230,choose.ai,choose,6,892,yes
231,error.ai,error,5,899,yes
232,camera.ai,camera,6,900,yes
233,clear.ai,clear,5,907,yes
234,domain.ai,domain,6,910,yes
235,beauty.ai,beauty,6,918,yes
236,taken.ai,taken,5,922,yes
237,known.ai,known,5,927,yes
238,simple.ai,simple,6,933,yes
239,quick.ai,quick,5,934,yes
240,whole.ai,whole,5,941,yes
241,annual.ai,annual,6,942,yes
242,later.ai,later,5,944,yes
243,basic.ai,basic,5,945,yes
244,church.ai,church,6,950,yes
245,method.ai,method,6,951,yes
246,active.ai,active,6,954,yes
247,figure.ai,figure,6,958,yes
248,enough.ai,enough,6,963,yes
249,along.ai,along,5,965,yes
250,among.ai,among,5,966,yes
251,death.ai,death,5,967,yes
252,speed.ai,speed,5,969,yes
253,brand.ai,brand,5,974,yes
254,higher.ai,higher,6,976,yes
255,yellow.ai,yellow,6,983,yes
256,stuff.ai,stuff,5,992,yes
257,japan.ai,japan,5,996,yes
258,doing.ai,doing,5,997,yes
259,entry.ai,entry,5,1000,yes
260,nature.ai,nature,6,1002,yes
261,growth.ai,growth,6,1009,yes
262,agency.ai,agency,6,1011,yes
263,income.ai,income,6,1021,yes
264,force.ai,force,5,1022,yes
265,river.ai,river,5,1027,yes
266,engine.ai,engine,6,1034,yes
267,album.ai,album,5,1036,yes
268,double.ai,double,6,1046,yes
269,build.ai,build,5,1048,yes
270,screen.ai,screen,6,1049,yes
271,across.ai,across,6,1057,yes
272,season.ai,season,6,1060,yes
273,apply.ai,apply,5,1061,yes
274,effect.ai,effect,6,1071,yes
275,casino.ai,casino,6,1077,yes
276,volume.ai,volume,6,1082,yes
277,cross.ai,cross,5,1083,yes
278,anyone.ai,anyone,6,1084,yes
279,silver.ai,silver,6,1087,yes
280,inside.ai,inside,6,1090,yes
281,mature.ai,mature,6,1092,yes
282,rather.ai,rather,6,1094,yes
283,supply.ai,supply,6,1098,yes
284,lower.ai,lower,5,1104,yes
285,union.ai,union,5,1106,yes
286,advice.ai,advice,6,1124,yes
287,career.ai,career,6,1125,yes
288,rental.ai,rental,6,1127,yes
289,leave.ai,leave,5,1129,yes
290,teens.ai,teens,5,1131,yes
291,woman.ai,woman,5,1135,yes
292,middle.ai,middle,6,1141,yes
293,cable.ai,cable,5,1143,yes
294,taking.ai,taking,6,1145,yes
295,coming.ai,coming,6,1148,yes
296,object.ai,object,6,1150,yes
297,length.ai,length,6,1155,yes
298,score.ai,score,5,1158,yes
299,client.ai,client,6,1160,yes
300,follow.ai,follow,6,1164,yes
301,sample.ai,sample,6,1165,yes
302,shown.ai,shown,5,1168,yes
303,flash.ai,flash,5,1174,yes
304,choice.ai,choice,6,1178,yes
305,artist.ai,artist,6,1189,yes
306,letter.ai,letter,6,1194,yes
307,summer.ai,summer,6,1201,yes
308,allow.ai,allow,5,1202,yes
309,degree.ai,degree,6,1203,yes
310,button.ai,button,6,1205,yes
311,super.ai,super,5,1209,yes
312,matter.ai,matter,6,1211,yes
313,custom.ai,custom,6,1212,yes
314,almost.ai,almost,6,1214,yes
315,editor.ai,editor,6,1220,yes
316,cause.ai,cause,5,1223,yes
317,focus.ai,focus,5,1230,yes
318,female.ai,female,6,1236,yes
319,cancer.ai,cancer,6,1244,yes
320,reason.ai,reason,6,1246,yes
321,spring.ai,spring,6,1249,yes
322,answer.ai,answer,6,1251,yes
323,voice.ai,voice,5,1252,yes
324,comes.ai,comes,5,1261,yes
325,police.ai,police,6,1262,yes
326,brown.ai,brown,5,1268,yes
327,glass.ai,glass,5,1279,yes
328,happy.ai,happy,5,1280,yes
329,smith.ai,smith,5,1282,yes
330,thank.ai,thank,5,1285,yes
331,unique.ai,unique,6,1287,yes
332,survey.ai,survey,6,1288,yes
333,prior.ai,prior,5,1289,yes
334,sport.ai,sport,5,1291,yes
335,ready.ai,ready,5,1292,yes
336,animal.ai,animal,6,1294,yes
337,secure.ai,secure,6,1300,yes
338,simply.ai,simply,6,1305,yes
339,round.ai,round,5,1309,yes
340,option.ai,option,6,1313,yes
341,master.ai,master,6,1314,yes
342,valley.ai,valley,6,1315,yes
343,built.ai,built,5,1321,yes
344,blood.ai,blood,5,1323,yes
345,earth.ai,earth,5,1333,yes
346,impact.ai,impact,6,1336,yes
347,strong.ai,strong,6,1340,yes
348,ground.ai,ground,6,1346,yes
349,basis.ai,basis,5,1361,yes
350,award.ai,award,5,1367,yes
351,peter.ai,peter,5,1370,yes
352,ensure.ai,ensure,6,1372,yes
353,extra.ai,extra,5,1378,yes
354,pussy.ai,pussy,5,1381,yes
355,budget.ai,budget,6,1383,yes
356,rated.ai,rated,5,1384,yes
357,quite.ai,quite,5,1391,yes
358,horse.ai,horse,5,1401,yes
359,owner.ai,owner,5,1409,yes
360,retail.ai,retail,6,1410,yes
361,useful.ai,useful,6,1412,yes
362,bring.ai,bring,5,1425,yes
363,trying.ai,trying,6,1429,yes
364,mother.ai,mother,6,1430,yes
365,input.ai,input,5,1438,yes
366,agent.ai,agent,5,1441,yes
367,valid.ai,valid,5,1442,yes
368,modern.ai,modern,6,1444,yes
369,senior.ai,senior,6,1445,yes
370,grand.ai,grand,5,1450,yes
371,trial.ai,trial,5,1452,yes
372,charge.ai,charge,6,1453,yes
373,normal.ai,normal,6,1458,yes
374,wrote.ai,wrote,5,1459,yes
375,entire.ai,entire,6,1462,yes
376,metal.ai,metal,5,1466,yes
377,output.ai,output,6,1477,yes
378,funds.ai,funds,5,1478,yes
379,likely.ai,likely,6,1481,yes
380,guest.ai,guest,5,1490,yes
381,trust.ai,trust,5,1495,yes
382,grade.ai,grade,5,1518,yes
383,dating.ai,dating,6,1519,yes
384,filter.ai,filter,6,1524,yes
385,longer.ai,longer,6,1527,yes
386,behind.ai,behind,6,1531,yes
387,panel.ai,panel,5,1532,yes
388,floor.ai,floor,5,1533,yes
389,german.ai,german,6,1534,yes
390,match.ai,match,5,1536,yes
391,plant.ai,plant,5,1549,yes
392,string.ai,string,6,1567,yes
393,sense.ai,sense,5,1568,yes
394,stage.ai,stage,5,1572,yes
395,goods.ai,goods,5,1574,yes
396,unless.ai,unless,6,1577,yes
397,target.ai,target,6,1584,yes
398,except.ai,except,6,1585,yes
399,maybe.ai,maybe,5,1590,yes
400,moving.ai,moving,6,1593,yes
401,pretty.ai,pretty,6,1597,yes
402,winter.ai,winter,6,1604,yes
403,youth.ai,youth,5,1607,yes
404,boston.ai,boston,6,1610,yes
405,incest.ai,incest,6,1611,yes
406,medium.ai,medium,6,1614,yes
407,break.ai,break,5,1618,yes
408,dance.ai,dance,5,1622,yes
409,itself.ai,itself,6,1625,yes
410,studio.ai,studio,6,1631,yes
411,reader.ai,reader,6,1632,yes
412,device.ai,device,6,1634,yes
413,remote.ai,remote,6,1639,yes
414,apple.ai,apple,5,1643,yes
415,theory.ai,theory,6,1649,yes
416,enjoy.ai,enjoy,5,1650,yes
417,remove.ai,remove,6,1651,yes
418,visual.ai,visual,6,1655,yes
419,martin.ai,martin,6,1660,yes
420,manual.ai,manual,6,1661,yes
421,block.ai,block,5,1662,yes
422,repair.ai,repair,6,1666,yes
423,civil.ai,civil,5,1668,yes
424,steel.ai,steel,5,1669,yes
425,fixed.ai,fixed,5,1672,yes
426,wrong.ai,wrong,5,1673,yes
427,sector.ai,sector,6,1685,yes
428,jersey.ai,jersey,6,1688,yes
429,fully.ai,fully,5,1691,yes
430,father.ai,father,6,1692,yes
431,driver.ai,driver,6,1698,yes
432,worth.ai,worth,5,1708,yes
433,peace.ai,peace,5,1720,yes
434,campus.ai,campus,6,1722,yes
435,coast.ai,coast,5,1726,yes
436,grant.ai,grant,5,1732,yes
437,agree.ai,agree,5,1734,yes
438,beyond.ai,beyond,6,1740,yes
439,museum.ai,museum,6,1744,yes
440,former.ai,former,6,1753,yes
441,parent.ai,parent,6,1771,yes
442,scale.ai,scale,5,1777,yes
443,stand.ai,stand,5,1778,yes
444,frame.ai,frame,5,1784,yes
445,chief.ai,chief,5,1793,yes
446,bottom.ai,bottom,6,1796,yes
447,detail.ai,detail,6,1799,yes
448,begin.ai,begin,5,1805,yes
449,royal.ai,royal,5,1808,yes
450,clean.ai,clean,5,1809,yes
451,switch.ai,switch,6,1810,yes
452,basket.ai,basket,6,1823,yes
453,weekly.ai,weekly,6,1825,yes
454,demand.ai,demand,6,1829,yes
455,suite.ai,suite,5,1831,yes
456,square.ai,square,6,1834,yes
457,nation.ai,nation,6,1849,yes
458,piece.ai,piece,5,1852,yes
459,sheet.ai,sheet,5,1853,yes
460,seven.ai,seven,5,1855,yes
461,older.ai,older,5,1856,yes
462,module.ai,module,6,1863,yes
463,resort.ai,resort,6,1864,yes
464,random.ai,random,6,1866,yes
465,motion.ai,motion,6,1871,yes
466,forest.ai,forest,6,1879,yes
467,whose.ai,whose,5,1881,yes
468,couple.ai,couple,6,1883,yes
469,giving.ai,giving,6,1884,yes
470,chance.ai,chance,6,1885,yes
471,vision.ai,vision,6,1886,yes
472,ending.ai,ending,6,1888,yes
473,listen.ai,listen,6,1891,yes
474,accept.ai,accept,6,1893,yes
475,naked.ai,naked,5,1895,yes
476,highly.ai,highly,6,1906,yes
477,appear.ai,appear,6,1908,yes
478,actual.ai,actual,6,1920,yes
479,stone.ai,stone,5,1922,yes
480,coffee.ai,coffee,6,1942,yes
481,buyer.ai,buyer,5,1946,yes
482,easily.ai,easily,6,1949,yes
483,poster.ai,poster,6,1952,yes
484,closed.ai,closed,6,1958,yes
485,label.ai,label,5,1971,yes
486,canon.ai,canon,5,1977,yes
487,league.ai,league,6,1979,yes
488,waste.ai,waste,5,1980,yes
489,minute.ai,minute,6,1981,yes
490,chair.ai,chair,5,1990,yes
491,effort.ai,effort,6,1992,yes
492,phase.ai,phase,5,1993,yes
493,motor.ai,motor,5,1999,yes
494,shirt.ai,shirt,5,2004,yes
495,crime.ai,crime,5,2010,yes
496,count.ai,count,5,2011,yes
497,breast.ai,breast,6,2012,yes
498,claim.ai,claim,5,2022,yes
499,patch.ai,patch,5,2026,yes
500,doctor.ai,doctor,6,2034,yes
501,reduce.ai,reduce,6,2036,yes
502,enable.ai,enable,6,2041,yes
503,leader.ai,leader,6,2047,yes
504,alone.ai,alone,5,2054,yes
505,flight.ai,flight,6,2061,yes
506,pocket.ai,pocket,6,2073,yes
507,saint.ai,saint,5,2074,yes
508,joint.ai,joint,5,2082,yes
509,fresh.ai,fresh,5,2085,yes
510,factor.ai,factor,6,2090,yes
511,stream.ai,stream,6,2094,yes
512,upper.ai,upper,5,2105,yes
513,prime.ai,prime,5,2108,yes
514,limit.ai,limit,5,2110,yes
515,creek.ai,creek,5,2123,yes
516,worked.ai,worked,6,2125,yes
517,urban.ai,urban,5,2127,yes
518,sorted.ai,sorted,6,2129,yes
519,myself.ai,myself,6,2132,yes
520,labor.ai,labor,5,2137,yes
521,admin.ai,admin,5,2139,yes
522,heavy.ai,heavy,5,2145,yes
523,expert.ai,expert,6,2155,yes
524,solid.ai,solid,5,2159,yes
525,orange.ai,orange,6,2164,yes
526,theme.ai,theme,5,2168,yes
527,marine.ai,marine,6,2172,yes
528,guitar.ai,guitar,6,2175,yes
529,saying.ai,saying,6,2180,yes
530,spirit.ai,spirit,6,2181,yes
531,touch.ai,touch,5,2192,yes
532,branch.ai,branch,6,2200,yes
533,serve.ai,serve,5,2202,yes
534,magic.ai,magic,5,2205,yes
535,mount.ai,mount,5,2206,yes
536,smart.ai,smart,5,2207,yes
537,avoid.ai,avoid,5,2215,yes
538,manage.ai,manage,6,2217,yes
539,corner.ai,corner,6,2218,yes
540,birth.ai,birth,5,2223,yes
541,virus.ai,virus,5,2224,yes
542,abuse.ai,abuse,5,2225,yes
543,tables.ai,tables,6,2232,yes
544,define.ai,define,6,2233,yes
545,racing.ai,racing,6,2234,yes
546,column.ai,column,6,2239,yes
547,faith.ai,faith,5,2241,yes
548,chain.ai,chain,5,2242,yes
549,avenue.ai,avenue,6,2245,yes
550,reach.ai,reach,5,2254,yes
551,mental.ai,mental,6,2256,yes
552,moment.ai,moment,6,2258,yes
553,attack.ai,attack,6,2262,yes
554,sorry.ai,sorry,5,2263,yes
555,damage.ai,damage,6,2266,yes
556,gamma.ai,gamma,5,2271,yes
557,truth.ai,truth,5,2276,yes
558,dollar.ai,dollar,6,2282,yes
559,bridge.ai,bridge,6,2289,yes
560,native.ai,native,6,2290,yes
561,draft.ai,draft,5,2298,yes
562,chart.ai,chart,5,2299,yes
563,equal.ai,equal,5,2309,yes
564,profit.ai,profit,6,2314,yes
565,expect.ai,expect,6,2323,yes
566,russia.ai,russia,6,2331,yes
567,golden.ai,golden,6,2338,yes
568,senate.ai,senate,6,2345,yes
569,funny.ai,funny,5,2347,yes
570,turned.ai,turned,6,2350,yes
571,tried.ai,tried,5,2352,yes
572,laser.ai,laser,5,2363,yes
573,harry.ai,harry,5,2373,yes
574,delete.ai,delete,6,2377,yes
575,mouse.ai,mouse,5,2382,yes
576,signal.ai,signal,6,2383,yes
577,brain.ai,brain,5,2386,yes
578,sexual.ai,sexual,6,2387,yes
579,dream.ai,dream,5,2390,yes
580,false.ai,false,5,2392,yes
581,flower.ai,flower,6,2395,yes
582,stated.ai,stated,6,2407,yes
583,carry.ai,carry,5,2412,yes
584,hello.ai,hello,5,2420,yes
585,clips.ai,clips,5,2427,yes
586,brief.ai,brief,5,2436,yes
587,ended.ai,ended,5,2437,yes
588,eight.ai,eight,5,2439,yes
589,script.ai,script,6,2443,yes
590,dining.ai,dining,6,2449,yes
591,alert.ai,alert,5,2450,yes
592,queen.ai,queen,5,2460,yes
593,handle.ai,handle,6,2465,yes
594,sweet.ai,sweet,5,2466,yes
595,truck.ai,truck,5,2477,yes
596,ocean.ai,ocean,5,2494,yes
597,depth.ai,depth,5,2499,yes
598,logged.ai,logged,6,2502,yes
599,train.ai,train,5,2505,yes
600,nearly.ai,nearly,6,2512,yes
601,forgot.ai,forgot,6,2516,yes
602,origin.ai,origin,6,2518,yes
603,gaming.ai,gaming,6,2520,yes
604,faster.ai,faster,6,2525,yes
605,bought.ai,bought,6,2528,yes
606,route.ai,route,5,2532,yes
607,broken.ai,broken,6,2535,yes
608,frank.ai,frank,5,2537,yes
609,battle.ai,battle,6,2541,yes
610,anime.ai,anime,5,2543,yes
611,speak.ai,speak,5,2544,yes
612,query.ai,query,5,2548,yes
613,equity.ai,equity,6,2555,yes
614,speech.ai,speech,6,2557,yes
615,rural.ai,rural,5,2561,yes
616,judge.ai,judge,5,2567,yes
617,forced.ai,forced,6,2573,yes
618,fight.ai,fight,5,2575,yes
619,height.ai,height,6,2577,yes
620,obtain.ai,obtain,6,2584,yes
621,remain.ai,remain,6,2590,yes
622,secret.ai,secret,6,2600,yes
623,kelly.ai,kelly,5,2603,yes
624,assets.ai,assets,6,2619,yes
625,injury.ai,injury,6,2620,yes
626,lawyer.ai,lawyer,6,2625,yes
627,portal.ai,portal,6,2632,yes
628,gratis.ai,gratis,6,2637,yes
629,toward.ai,toward,6,2641,yes
630,assist.ai,assist,6,2644,yes
631,postal.ai,postal,6,2661,yes
632,minor.ai,minor,5,2673,yes
633,finish.ai,finish,6,2674,yes
634,noted.ai,noted,5,2677,yes
635,spent.ai,spent,5,2683,yes
636,cycle.ai,cycle,5,2698,yes
637,sleep.ai,sleep,5,2705,yes
638,brazil.ai,brazil,6,2709,yes
639,static.ai,static,6,2711,yes
640,scene.ai,scene,5,2712,yes
641,famous.ai,famous,6,2717,yes
642,writer.ai,writer,6,2718,yes
643,drink.ai,drink,5,2724,yes
644,gender.ai,gender,6,2727,yes
645,vendor.ai,vendor,6,2743,yes
646,junior.ai,junior,6,2758,yes
647,ladies.ai,ladies,6,2769,yes
648,henry.ai,henry,5,2770,yes
649,ticket.ai,ticket,6,2771,yes
650,guess.ai,guess,5,2773,yes
651,agreed.ai,agreed,6,2774,yes
652,soccer.ai,soccer,6,2778,yes
653,import.ai,import,6,2780,yes
654,ahead.ai,ahead,5,2800,yes
655,scheme.ai,scheme,6,2803,yes
656,manner.ai,manner,6,2807,yes
657,matrix.ai,matrix,6,2808,yes
658,turkey.ai,turkey,6,2816,yes
659,proper.ai,proper,6,2818,yes
660,delta.ai,delta,5,2823,yes
661,voyeur.ai,voyeur,6,2834,yes
662,colors.ai,colors,6,2836,yes
663,cisco.ai,cisco,5,2838,yes
664,alpha.ai,alpha,5,2841,yes
665,appeal.ai,appeal,6,2842,yes
666,cruise.ai,cruise,6,2843,yes
667,bonus.ai,bonus,5,2844,yes
668,adobe.ai,adobe,5,2855,yes
669,dress.ai,dress,5,2868,yes
670,dealer.ai,dealer,6,2870,yes
671,nearby.ai,nearby,6,2874,yes
672,happen.ai,happen,6,2877,yes
673,refer.ai,refer,5,2884,yes
674,miller.ai,miller,6,2885,yes
675,luxury.ai,luxury,6,2890,yes
676,indeed.ai,indeed,6,2895,yes
677,layer.ai,layer,5,2899,yes
678,easier.ai,easier,6,2903,yes
679,mostly.ai,mostly,6,2913,yes
680,spend.ai,spend,5,2919,yes
681,clock.ai,clock,5,2929,yes
682,hidden.ai,hidden,6,2936,yes
683,serial.ai,serial,6,2939,yes
684,relief.ai,relief,6,2940,yes
685,ratio.ai,ratio,5,2944,yes
686,planet.ai,planet,6,2950,yes
687,recipe.ai,recipe,6,2953,yes
688,permit.ai,permit,6,2955,yes
689,seeing.ai,seeing,6,2956,yes
690,proof.ai,proof,5,2957,yes
691,tennis.ai,tennis,6,2960,yes
692,empty.ai,empty,5,2964,yes
693,bureau.ai,bureau,6,2973,yes
694,ideal.ai,ideal,5,2979,yes
695,specs.ai,specs,5,2980,yes
696,dinner.ai,dinner,6,2986,yes
697,stress.ai,stress,6,2989,yes
698,cream.ai,cream,5,2990,yes
699,fourth.ai,fourth,6,3003,yes
700,aware.ai,aware,5,3010,yes
701,shape.ai,shape,5,3012,yes
702,usage.ai,usage,5,3031,yes
703,mixed.ai,mixed,5,3036,yes
704,census.ai,census,6,3037,yes
705,exist.ai,exist,5,3042,yes
706,wheel.ai,wheel,5,3043,yes
707,poetry.ai,poetry,6,3049,yes
708,angel.ai,angel,5,3052,yes
709,width.ai,width,5,3060,yes
710,noise.ai,noise,5,3061,yes
711,forget.ai,forget,6,3063,yes
712,array.ai,array,5,3064,yes
713,sister.ai,sister,6,3078,yes
714,extent.ai,extent,6,3090,yes
715,sharp.ai,sharp,5,3091,yes
716,export.ai,export,6,3101,yes
717,occur.ai,occur,5,3110,yes
718,backup.ai,backup,6,3116,yes
719,spread.ai,spread,6,3125,yes
720,coach.ai,coach,5,3126,yes
721,expand.ai,expand,6,3129,yes
722,jordan.ai,jordan,6,3133,yes
723,affect.ai,affect,6,3140,yes
724,virgin.ai,virgin,6,3141,yes
725,raised.ai,raised,6,3144,yes
726,plate.ai,plate,5,3157,yes
727,blonde.ai,blonde,6,3160,yes
728,agenda.ai,agenda,6,3191,yes
729,anyway.ai,anyway,6,3192,yes
730,logic.ai,logic,5,3198,yes
731,prince.ai,prince,6,3200,yes
732,circle.ai,circle,6,3201,yes
733,sizes.ai,sizes,5,3225,yes
734,plain.ai,plain,5,3226,yes
735,launch.ai,launch,6,3232,yes
736,costa.ai,costa,5,3235,yes
737,trail.ai,trail,5,3242,yes
738,symbol.ai,symbol,6,3244,yes
739,buddy.ai,buddy,5,3247,yes
740,setup.ai,setup,5,3251,yes
741,fiscal.ai,fiscal,6,3255,yes
742,filled.ai,filled,6,3260,yes
743,notify.ai,notify,6,3265,yes
744,blues.ai,blues,5,3266,yes
745,scope.ai,scope,5,3270,yes
746,cotton.ai,cotton,6,3274,yes
747,dental.ai,dental,6,3280,yes
748,border.ai,border,6,3282,yes
749,debate.ai,debate,6,3284,yes
750,crazy.ai,crazy,5,3304,yes
751,comedy.ai,comedy,6,3313,yes
752,linear.ai,linear,6,3317,yes
753,mouth.ai,mouth,5,3327,yes
754,meter.ai,meter,5,3329,yes
755,linked.ai,linked,6,3330,yes
756,wonder.ai,wonder,6,3339,yes
757,fruit.ai,fruit,5,3342,yes
758,reform.ai,reform,6,3345,yes
759,assume.ai,assume,6,3354,yes
760,lewis.ai,lewis,5,3361,yes
761,leaves.ai,leaves,6,3364,yes
762,safari.ai,safari,6,3380,yes
763,sugar.ai,sugar,5,3383,yes
764,stick.ai,stick,5,3387,yes
765,genre.ai,genre,5,3393,yes
766,slide.ai,slide,5,3394,yes
767,tested.ai,tested,6,3397,yes
768,exact.ai,exact,5,3402,yes
769,bound.ai,bound,5,3403,yes
770,formal.ai,formal,6,3408,yes
771,hockey.ai,hockey,6,3412,yes
772,storm.ai,storm,5,3413,yes
773,micro.ai,micro,5,3414,yes
774,cancel.ai,cancel,6,3439,yes
775,paint.ai,paint,5,3445,yes
776,delay.ai,delay,5,3446,yes
777,pilot.ai,pilot,5,3447,yes
778,outlet.ai,outlet,6,3448,yes
779,novel.ai,novel,5,3456,yes
780,ultra.ai,ultra,5,3461,yes
781,winner.ai,winner,6,3462,yes
782,potter.ai,potter,6,3468,yes
783,modify.ai,modify,6,3475,yes
784,truly.ai,truly,5,3478,yes
785,patent.ai,patent,6,3487,yes
786,eating.ai,eating,6,3492,yes
787,lodge.ai,lodge,5,3496,yes
788,mirror.ai,mirror,6,3498,yes
789,kernel.ai,kernel,6,3505,yes
790,stocks.ai,stocks,6,3507,yes
791,broad.ai,broad,5,3516,yes
792,chosen.ai,chosen,6,3519,yes
793,swiss.ai,swiss,5,3523,yes
794,clark.ai,clark,5,3525,yes
795,labour.ai,labour,6,3526,yes
796,nights.ai,nights,6,3530,yes
797,behalf.ai,behalf,6,3531,yes
798,liquid.ai,liquid,6,3533,yes
799,salary.ai,salary,6,3537,yes
800,guard.ai,guard,5,3541,yes
801,saving.ai,saving,6,3544,yes
802,empire.ai,empire,6,3547,yes
803,resume.ai,resume,6,3548,yes
804,twenty.ai,twenty,6,3549,yes
805,newly.ai,newly,5,3550,yes
806,raise.ai,raise,5,3551,yes
807,decide.ai,decide,6,3568,yes
808,drama.ai,drama,5,3570,yes
809,lunch.ai,lunch,5,3584,yes
810,dildo.ai,dildo,5,3585,yes
811,audit.ai,audit,5,3586,yes
812,guinea.ai,guinea,6,3589,yes
813,muscle.ai,muscle,6,3591,yes
814,tower.ai,tower,5,3599,yes
815,yours.ai,yours,5,3600,yes
816,attend.ai,attend,6,3607,yes
817,shower.ai,shower,6,3608,yes
818,shell.ai,shell,5,3616,yes
819,solar.ai,solar,5,3633,yes
820,catch.ai,catch,5,3635,yes
821,doubt.ai,doubt,5,3643,yes
822,finder.ai,finder,6,3645,yes
823,unable.ai,unable,6,3646,yes
824,forth.ai,forth,5,3664,yes
825,insert.ai,insert,6,3665,yes
826,alumni.ai,alumni,6,3670,yes
827,split.ai,split,5,3684,yes
828,heaven.ai,heaven,6,3687,yes
829,twice.ai,twice,5,3691,yes
830,shift.ai,shift,5,3711,yes
831,saved.ai,saved,5,3736,yes
832,paying.ai,paying,6,3737,yes
833,carbon.ai,carbon,6,3744,yes
834,crisis.ai,crisis,6,3752,yes
835,bright.ai,bright,6,3757,yes
836,treat.ai,treat,5,3758,yes
837,header.ai,header,6,3759,yes
838,formed.ai,formed,6,3762,yes
839,piano.ai,piano,5,3763,yes
840,plasma.ai,plasma,6,3774,yes
841,banner.ai,banner,6,3787,yes
842,teach.ai,teach,5,3806,yes
843,rapid.ai,rapid,5,3809,yes
844,hairy.ai,hairy,5,3811,yes
845,dutch.ai,dutch,5,3825,yes
846,boots.ai,boots,5,3831,yes
847,router.ai,router,6,3833,yes
848,folder.ai,folder,6,3838,yes
849,upload.ai,upload,6,3842,yes
850,pulse.ai,pulse,5,3843,yes
851,voting.ai,voting,6,3848,yes
852,strip.ai,strip,5,3862,yes
853,pearl.ai,pearl,5,3864,yes
854,regard.ai,regard,6,3876,yes
855,smooth.ai,smooth,6,3880,yes
856,strike.ai,strike,6,3884,yes
857,narrow.ai,narrow,6,3889,yes
858,threat.ai,threat,6,3891,yes
859,penis.ai,penis,5,3899,yes
860,castle.ai,castle,6,3905,yes
861,acting.ai,acting,6,3916,yes
862,logos.ai,logos,5,3920,yes
863,honda.ai,honda,5,3941,yes
864,stable.ai,stable,6,3947,yes
865,opera.ai,opera,5,3948,yes
866,lesson.ai,lesson,6,3952,yes
867,cinema.ai,cinema,6,3953,yes
868,asset.ai,asset,5,3954,yes
869,blank.ai,blank,5,3961,yes
870,severe.ai,severe,6,3964,yes
871,deluxe.ai,deluxe,6,3970,yes
872,humor.ai,humor,5,3971,yes
873,lived.ai,lived,5,3975,yes
874,fabric.ai,fabric,6,3982,yes
875,tight.ai,tight,5,3986,yes
876,flying.ai,flying,6,3992,yes
877,berlin.ai,berlin,6,3995,yes
878,meant.ai,meant,5,4005,yes
879,plane.ai,plane,5,4010,yes
880,desire.ai,desire,6,4015,yes
881,caught.ai,caught,6,4024,yes
882,marked.ai,marked,6,4026,yes
883,driven.ai,driven,6,4027,yes
884,bottle.ai,bottle,6,4030,yes
885,rubber.ai,rubber,6,4036,yes
886,legend.ai,legend,6,4042,yes
887,grace.ai,grace,5,4043,yes
888,python.ai,python,6,4048,yes
889,villa.ai,villa,5,4052,yes
890,inner.ai,inner,5,4062,yes
891,entity.ai,entity,6,4067,yes
892,holder.ai,holder,6,4070,yes
893,erotic.ai,erotic,6,4081,yes
894,ethics.ai,ethics,6,4084,yes
895,dragon.ai,dragon,6,4086,yes
896,stereo.ai,stereo,6,4101,yes
897,taste.ai,taste,5,4103,yes
898,commit.ai,commit,6,4105,yes
899,sides.ai,sides,5,4115,yes
900,turns.ai,turns,5,4117,yes
901,cache.ai,cache,5,4120,yes
902,jacket.ai,jacket,6,4122,yes
903,oracle.ai,oracle,6,4125,yes
904,lease.ai,lease,5,4128,yes
905,excess.ai,excess,6,4133,yes
906,giant.ai,giant,5,4140,yes
907,alarm.ai,alarm,5,4148,yes
908,usual.ai,usual,5,4152,yes
909,angle.ai,angle,5,4157,yes
910,vinyl.ai,vinyl,5,4159,yes
911,mining.ai,mining,6,4161,yes
912,worst.ai,worst,5,4165,yes
913,garage.ai,garage,6,4179,yes
914,morgan.ai,morgan,6,4190,yes
915,honor.ai,honor,5,4193,yes
916,eagle.ai,eagle,5,4196,yes
917,pants.ai,pants,5,4198,yes
918,nurse.ai,nurse,5,4200,yes
919,prayer.ai,prayer,6,4201,yes
920,quiet.ai,quiet,5,4205,yes
921,cheese.ai,cheese,6,4213,yes
922,comic.ai,comic,5,4214,yes
923,crown.ai,crown,5,4219,yes
924,maker.ai,maker,5,4223,yes
925,crack.ai,crack,5,4224,yes
926,fetish.ai,fetish,6,4232,yes
927,smoke.ai,smoke,5,4236,yes
928,apache.ai,apache,6,4237,yes
929,craft.ai,craft,5,4241,yes
930,apart.ai,apart,5,4244,yes
931,fellow.ai,fellow,6,4245,yes
932,blind.ai,blind,5,4246,yes
933,lounge.ai,lounge,6,4247,yes
934,gross.ai,gross,5,4253,yes
935,horror.ai,horror,6,4260,yes
936,mainly.ai,mainly,6,4284,yes
937,ethnic.ai,ethnic,6,4285,yes
938,actor.ai,actor,5,4288,yes
939,fifth.ai,fifth,5,4292,yes
940,prize.ai,prize,5,4300,yes
941,layout.ai,layout,6,4318,yes
942,dirty.ai,dirty,5,4328,yes
943,donate.ai,donate,6,4331,yes
944,taught.ai,taught,6,4332,yes
945,worker.ai,worker,6,4335,yes
946,alive.ai,alive,5,4337,yes
947,temple.ai,temple,6,4338,yes
948,prove.ai,prove,5,4340,yes
949,prefer.ai,prefer,6,4351,yes
950,ridge.ai,ridge,5,4352,yes
951,vector.ai,vector,6,4369,yes
952,shaved.ai,shaved,6,4371,yes
953,buffer.ai,buffer,6,4373,yes
954,purple.ai,purple,6,4374,yes
955,larry.ai,larry,5,4377,yes
956,mutual.ai,mutual,6,4384,yes
957,syntax.ai,syntax,6,4387,yes
958,prison.ai,prison,6,4390,yes
959,skill.ai,skill,5,4391,yes
960,throw.ai,throw,5,4404,yes
961,trend.ai,trend,5,4405,yes
962,sierra.ai,sierra,6,4406,yes
963,desert.ai,desert,6,4409,yes
964,steven.ai,steven,6,4419,yes
965,worse.ai,worse,5,4423,yes
966,summit.ai,summit,6,4424,yes
967,escape.ai,escape,6,4430,yes
968,glance.ai,glance,6,4440,yes
969,arcade.ai,arcade,6,4443,yes
970,fiber.ai,fiber,5,4451,yes
971,graph.ai,graph,5,4453,yes
972,filing.ai,filing,6,4459,yes
973,foster.ai,foster,6,4460,yes
974,tissue.ai,tissue,6,4466,yes
975,fraud.ai,fraud,5,4480,yes
976,roger.ai,roger,5,4488,yes
977,aspect.ai,aspect,6,4489,yes
978,priced.ai,priced,6,4495,yes
979,crash.ai,crash,5,4498,yes
980,inter.ai,inter,5,4501,yes
981,closer.ai,closer,6,4502,yes
982,shadow.ai,shadow,6,4505,yes
983,riding.ai,riding,6,4506,yes
984,grove.ai,grove,5,4511,yes
985,clinic.ai,clinic,6,4514,yes
986,packet.ai,packet,6,4520,yes
987,spray.ai,spray,5,4521,yes
988,funded.ai,funded,6,4529,yes
989,extend.ai,extend,6,4532,yes
990,nelson.ai,nelson,6,4544,yes
991,mayor.ai,mayor,5,4552,yes
992,murder.ai,murder,6,4553,yes
993,yield.ai,yield,5,4557,yes
994,digest.ai,digest,6,4562,yes
995,hence.ai,hence,5,4567,yes
996,radar.ai,radar,5,4571,yes
997,rescue.ai,rescue,6,4572,yes
998,combat.ai,combat,6,4575,yes
999,diary.ai,diary,5,4586,yes
1000,baker.ai,baker,5,4596,yes
1001,shock.ai,shock,5,4602,yes
1002,abroad.ai,abroad,6,4605,yes
1003,ebony.ai,ebony,5,4606,yes
1004,drawn.ai,drawn,5,4609,yes
1005,walker.ai,walker,6,4614,yes
1006,beast.ai,beast,5,4619,yes
1007,dodge.ai,dodge,5,4626,yes
1008,pizza.ai,pizza,5,4629,yes
1009,palace.ai,palace,6,4669,yes
1010,verify.ai,verify,6,4675,yes
1011,globe.ai,globe,5,4676,yes
1012,copper.ai,copper,6,4678,yes
1013,kerry.ai,kerry,5,4687,yes
1014,nobody.ai,nobody,6,4691,yes
1015,ghost.ai,ghost,5,4692,yes
1016,pride.ai,pride,5,4700,yes
1017,cloudy.ai,cloudy,6,4709,yes
1018,chile.ai,chile,5,4713,yes
1019,plenty.ai,plenty,6,4715,yes
1020,throat.ai,throat,6,4718,yes
1021,ignore.ai,ignore,6,4719,yes
1022,maria.ai,maria,5,4720,yes
1023,wealth.ai,wealth,6,4723,yes
1024,vacuum.ai,vacuum,6,4727,yes
1025,brass.ai,brass,5,4731,yes
1026,plaza.ai,plaza,5,4733,yes
1027,quest.ai,quest,5,4737,yes
1028,booty.ai,booty,5,4750,yes
1029,venue.ai,venue,5,4755,yes
1030,vital.ai,vital,5,4760,yes
1031,fairly.ai,fairly,6,4762,yes
1032,excel.ai,excel,5,4770,yes
1033,stupid.ai,stupid,6,4775,yes
1034,harbor.ai,harbor,6,4776,yes
1035,enemy.ai,enemy,5,4784,yes
1036,puzzle.ai,puzzle,6,4785,yes
1037,rising.ai,rising,6,4786,yes
1038,lucky.ai,lucky,5,4797,yes
1039,latter.ai,latter,6,4798,yes
1040,thick.ai,thick,5,4800,yes
1041,repeat.ai,repeat,6,4802,yes
1042,vista.ai,vista,5,4813,yes
1043,chips.ai,chips,5,4815,yes
1044,terry.ai,terry,5,4816,yes
1045,flood.ai,flood,5,4817,yes
1046,arena.ai,arena,5,4823,yes
1047,casual.ai,casual,6,4833,yes
1048,grown.ai,grown,5,4834,yes
1049,polish.ai,polish,6,4835,yes
1050,lovely.ai,lovely,6,4836,yes
1051,jerry.ai,jerry,5,4840,yes
1052,clause.ai,clause,6,4841,yes
1053,smile.ai,smile,5,4842,yes
1054,indoor.ai,indoor,6,4846,yes
1055,armed.ai,armed,5,4848,yes
1056,broker.ai,broker,6,4849,yes
1057,trucks.ai,trucks,6,4859,yes
1058,laura.ai,laura,5,4863,yes
1059,partly.ai,partly,6,4866,yes
1060,candy.ai,candy,5,4870,yes
1061,tiger.ai,tiger,5,4872,yes
1062,sensor.ai,sensor,6,4875,yes
1063,deputy.ai,deputy,6,4880,yes
1064,sealed.ai,sealed,6,4882,yes
1065,loaded.ai,loaded,6,4886,yes
1066,boost.ai,boost,5,4894,yes
1067,moral.ai,moral,5,4904,yes
1068,finger.ai,finger,6,4908,yes
1069,pound.ai,pound,5,4910,yes
1070,locate.ai,locate,6,4911,yes
1071,bread.ai,bread,5,4920,yes
1072,wooden.ai,wooden,6,4922,yes
1073,tough.ai,tough,5,4924,yes
1074,chest.ai,chest,5,4935,yes
1075,billy.ai,billy,5,4937,yes
1076,solve.ai,solve,5,4953,yes
1077,shorts.ai,shorts,6,4954,yes
1078,facing.ai,facing,6,4968,yes
1079,nancy.ai,nancy,5,4970,yes
1080,sight.ai,sight,5,4976,yes
1081,refund.ai,refund,6,4982,yes
1082,hearts.ai,hearts,6,5001,yes
1083,worry.ai,worry,5,5005,yes
1084,carter.ai,carter,6,5009,yes
1085,legacy.ai,legacy,6,5010,yes
1086,danger.ai,danger,6,5013,yes
1087,widely.ai,widely,6,5015,yes
1088,phrase.ai,phrase,6,5017,yes
1089,hybrid.ai,hybrid,6,5023,yes
1090,glory.ai,glory,5,5031,yes
1091,bigger.ai,bigger,6,5034,yes
1092,diesel.ai,diesel,6,5036,yes
1093,versus.ai,versus,6,5037,yes
1094,exceed.ai,exceed,6,5041,yes
1095,fault.ai,fault,5,5045,yes
1096,jimmy.ai,jimmy,5,5065,yes
1097,graham.ai,graham,6,5066,yes
1098,slowly.ai,slowly,6,5074,yes
1099,infant.ai,infant,6,5082,yes
1100,fluid.ai,fluid,5,5086,yes
1101,unlike.ai,unlike,6,5096,yes
1102,wright.ai,wright,6,5102,yes
1103,barry.ai,barry,5,5104,yes
1104,proven.ai,proven,6,5105,yes
1105,warren.ai,warren,6,5109,yes
1106,devil.ai,devil,5,5117,yes
1107,grass.ai,grass,5,5118,yes
1108,comply.ai,comply,6,5119,yes
1109,cherry.ai,cherry,6,5123,yes
1110,sized.ai,sized,5,5148,yes
1111,manga.ai,manga,5,5149,yes
1112,socket.ai,socket,6,5151,yes
1113,silent.ai,silent,6,5152,yes
1114,theft.ai,theft,5,5160,yes
1115,swing.ai,swing,5,5162,yes
1116,facial.ai,facial,6,5168,yes
1117,talent.ai,talent,6,5170,yes
1118,seeker.ai,seeker,6,5173,yes
1119,wisdom.ai,wisdom,6,5174,yes
1120,shoot.ai,shoot,5,5175,yes
1121,offset.ai,offset,6,5179,yes
1122,payday.ai,payday,6,5180,yes
1123,elite.ai,elite,5,5182,yes
1124,robot.ai,robot,5,5191,yes
1125,powder.ai,powder,6,5200,yes
1126,assess.ai,assess,6,5203,yes
1127,gnome.ai,gnome,5,5208,yes
1128,losing.ai,losing,6,5211,yes
1129,noble.ai,noble,5,5214,yes
1130,gospel.ai,gospel,6,5219,yes
1131,shore.ai,shore,5,5221,yes
1132,knight.ai,knight,6,5225,yes
1133,loose.ai,loose,5,5227,yes
1134,parker.ai,parker,6,5243,yes
1135,triple.ai,triple,6,5255,yes
1136,cooper.ai,cooper,6,5256,yes
1137,sought.ai,sought,6,5278,yes
1138,median.ai,median,6,5283,yes
1139,herein.ai,herein,6,5286,yes
1140,horny.ai,horny,5,5289,yes
1141,carpet.ai,carpet,6,5304,yes
1142,binary.ai,binary,6,5308,yes
1143,walter.ai,walter,6,5319,yes
1144,atlas.ai,atlas,5,5332,yes
1145,ralph.ai,ralph,5,5348,yes
1146,warner.ai,warner,6,5353,yes
1147,wizard.ai,wizard,6,5359,yes
1148,corps.ai,corps,5,5360,yes
1149,liver.ai,liver,5,5362,yes
1150,liable.ai,liable,6,5364,yes
1151,morris.ai,morris,6,5366,yes
1152,recall.ai,recall,6,5370,yes
1153,picked.ai,picked,6,5372,yes
1154,belief.ai,belief,6,5376,yes
1155,bikini.ai,bikini,6,5378,yes
1156,lookup.ai,lookup,6,5382,yes
1157,refine.ai,refine,6,5397,yes
1158,bidder.ai,bidder,6,5398,yes
1159,singer.ai,singer,6,5399,yes
1160,herald.ai,herald,6,5401,yes
1161,aging.ai,aging,5,5404,yes
1162,diving.ai,diving,6,5411,yes
1163,invite.ai,invite,6,5412,yes
1164,terror.ai,terror,6,5421,yes
1165,thirty.ai,thirty,6,5423,yes
1166,clerk.ai,clerk,5,5436,yes
1167,jeans.ai,jeans,5,5445,yes
1168,favor.ai,favor,5,5455,yes
1169,sigma.ai,sigma,5,5459,yes
1170,victim.ai,victim,6,5466,yes
1171,arrive.ai,arrive,6,5474,yes
1172,sunset.ai,sunset,6,5476,yes
1173,framed.ai,framed,6,5483,yes
1174,aside.ai,aside,5,5484,yes
1175,essay.ai,essay,5,5490,yes
1176,trace.ai,trace,5,5503,yes
1177,inform.ai,inform,6,5526,yes
1178,intent.ai,intent,6,5534,yes
1179,spoke.ai,spoke,5,5543,yes
1180,arrow.ai,arrow,5,5545,yes
1181,rough.ai,rough,5,5548,yes
1182,weird.ai,weird,5,5549,yes
1183,blade.ai,blade,5,5556,yes
1184,oxygen.ai,oxygen,6,5558,yes
1185,canyon.ai,canyon,6,5561,yes
1186,merely.ai,merely,6,5564,yes
1187,sleeve.ai,sleeve,6,5580,yes
1188,stroke.ai,stroke,6,5586,yes
1189,robin.ai,robin,5,5592,yes
1190,strap.ai,strap,5,5595,yes
1191,crowd.ai,crowd,5,5598,yes
1192,skiing.ai,skiing,6,5620,yes
1193,cloud.ai,cloud,5,5621,yes
1194,valve.ai,valve,5,5624,yes
1195,knife.ai,knife,5,5631,yes
1196,shelf.ai,shelf,5,5634,yes
1197,timing.ai,timing,6,5636,yes
1198,adopt.ai,adopt,5,5639,yes
1199,outer.ai,outer,5,5647,yes
1200,tales.ai,tales,5,5654,yes
1201,twelve.ai,twelve,6,5671,yes
1202,decade.ai,decade,6,5673,yes
1203,tired.ai,tired,5,5678,yes
1204,steam.ai,steam,5,5684,yes
1205,acute.ai,acute,5,5690,yes
1206,stood.ai,stood,5,5693,yes
1207,carol.ai,carol,5,5697,yes
1208,honest.ai,honest,6,5698,yes
1209,stack.ai,stack,5,5702,yes
1210,curve.ai,curve,5,5714,yes
1211,amber.ai,amber,5,5716,yes
1212,trunk.ai,trunk,5,5725,yes
1213,camel.ai,camel,5,5736,yes
1214,juice.ai,juice,5,5751,yes
1215,chase.ai,chase,5,5752,yes
1216,sauce.ai,sauce,5,5755,yes
1217,panama.ai,panama,6,5760,yes
1218,afraid.ai,afraid,6,5795,yes
1219,locked.ai,locked,6,5807,yes
1220,fusion.ai,fusion,6,5810,yes
1221,canvas.ai,canvas,6,5818,yes
1222,parish.ai,parish,6,5820,yes
1223,coupon.ai,coupon,6,5833,yes
1224,proxy.ai,proxy,5,5837,yes
1225,tagged.ai,tagged,6,5850,yes
1226,killer.ai,killer,6,5853,yes
1227,bishop.ai,bishop,6,5859,yes
1228,shaped.ai,shaped,6,5863,yes
1229,farmer.ai,farmer,6,5867,yes
1230,slave.ai,slave,5,5874,yes
1231,floral.ai,floral,6,5902,yes
1232,fisher.ai,fisher,6,5909,yes
1233,guilty.ai,guilty,6,5928,yes
1234,haven.ai,haven,5,5932,yes
1235,tablet.ai,tablet,6,5933,yes
1236,charm.ai,charm,5,5938,yes
1237,basin.ai,basin,5,5943,yes
1238,ranch.ai,ranch,5,5946,yes
1239,drunk.ai,drunk,5,5952,yes
1240,toner.ai,toner,5,5958,yes
1241,latex.ai,latex,5,5960,yes
1242,alien.ai,alien,5,5966,yes
1243,broke.ai,broke,5,5972,yes
1244,thesis.ai,thesis,6,5989,yes
1245,nylon.ai,nylon,5,5992,yes
1246,rocky.ai,rocky,5,5995,yes
1247,fleet.ai,fleet,5,6013,yes
1248,bunch.ai,bunch,5,6015,yes
1249,afford.ai,afford,6,6020,yes
1250,turner.ai,turner,6,6036,yes
1251,spoken.ai,spoken,6,6044,yes
1252,omega.ai,omega,5,6045,yes
1253,stayed.ai,stayed,6,6047,yes
1254,civic.ai,civic,5,6048,yes
1255,saver.ai,saver,5,6056,yes
1256,grill.ai,grill,5,6058,yes
1257,redeem.ai,redeem,6,6061,yes
1258,grain.ai,grain,5,6063,yes
1259,regime.ai,regime,6,6066,yes
1260,depend.ai,depend,6,6073,yes
1261,differ.ai,differ,6,6074,yes
1262,breath.ai,breath,6,6080,yes
1263,candle.ai,candle,6,6085,yes
1264,herbal.ai,herbal,6,6099,yes
1265,loving.ai,loving,6,6100,yes
1266,gains.ai,gains,5,6110,yes
1267,hacker.ai,hacker,6,6127,yes
1268,margin.ai,margin,6,6130,yes
1269,solely.ai,solely,6,6133,yes
1270,salon.ai,salon,5,6135,yes
1271,turbo.ai,turbo,5,6140,yes
1272,headed.ai,headed,6,6141,yes
1273,murphy.ai,murphy,6,6148,yes
1274,thats.ai,thats,5,6150,yes
1275,reset.ai,reset,5,6164,yes
1276,brush.ai,brush,5,6165,yes
1277,spare.ai,spare,5,6173,yes
1278,kodak.ai,kodak,5,6176,yes
1279,tongue.ai,tongue,6,6177,yes
1280,monkey.ai,monkey,6,6182,yes
1281,skirt.ai,skirt,5,6185,yes
1282,invest.ai,invest,6,6187,yes
1283,honey.ai,honey,5,6188,yes
1284,atomic.ai,atomic,6,6197,yes
1285,gauge.ai,gauge,5,6201,yes
1286,faced.ai,faced,5,6206,yes
1287,sixth.ai,sixth,5,6219,yes
1288,engage.ai,engage,6,6220,yes
1289,cheat.ai,cheat,5,6230,yes
1290,bronze.ai,bronze,6,6231,yes
1291,sandy.ai,sandy,5,6233,yes
1292,macro.ai,macro,5,6238,yes
1293,sender.ai,sender,6,6239,yes
1294,spouse.ai,spouse,6,6250,yes
1295,exotic.ai,exotic,6,6251,yes
1296,viewer.ai,viewer,6,6252,yes
1297,laugh.ai,laugh,5,6263,yes
1298,pitch.ai,pitch,5,6268,yes
1299,perry.ai,perry,5,6272,yes
1300,proved.ai,proved,6,6273,yes
1301,dozen.ai,dozen,5,6276,yes
1302,teeth.ai,teeth,5,6279,yes
1303,cloth.ai,cloth,5,6280,yes
1304,stamp.ai,stamp,5,6283,yes
1305,lotus.ai,lotus,5,6284,yes
1306,salmon.ai,salmon,6,6285,yes
1307,cargo.ai,cargo,5,6289,yes
1308,butter.ai,butter,6,6299,yes
1309,pepper.ai,pepper,6,6300,yes
1310,weapon.ai,weapon,6,6301,yes
1311,burden.ai,burden,6,6303,yes
1312,maple.ai,maple,5,6311,yes
1313,depot.ai,depot,5,6317,yes
1314,blend.ai,blend,5,6322,yes
1315,realty.ai,realty,6,6333,yes
1316,autumn.ai,autumn,6,6341,yes
1317,probe.ai,probe,5,6343,yes
1318,toilet.ai,toilet,6,6347,yes
1319,ranked.ai,ranked,6,6348,yes
1320,timely.ai,timely,6,6362,yes
1321,chuck.ai,chuck,5,6367,yes
1322,newton.ai,newton,6,6382,yes
1323,bingo.ai,bingo,5,6387,yes
1324,whilst.ai,whilst,6,6388,yes
1325,prompt.ai,prompt,6,6394,yes
1326,sunny.ai,sunny,5,6406,yes
1327,cedar.ai,cedar,5,6416,yes
1328,blair.ai,blair,5,6430,yes
1329,mason.ai,mason,5,6434,yes
1330,victor.ai,victor,6,6445,yes
1331,attach.ai,attach,6,6448,yes
1332,spider.ai,spider,6,6454,yes
1333,divine.ai,divine,6,6466,yes
1334,chose.ai,chose,5,6469,yes
1335,blast.ai,blast,5,6477,yes
1336,shield.ai,shield,6,6486,yes
1337,pickup.ai,pickup,6,6495,yes
1338,sacred.ai,sacred,6,6510,yes
1339,chrome.ai,chrome,6,6513,yes
1340,tommy.ai,tommy,5,6514,yes
1341,brake.ai,brake,5,6517,yes
1342,olive.ai,olive,5,6528,yes
1343,scored.ai,scored,6,6533,yes
1344,clone.ai,clone,5,6536,yes
1345,lambda.ai,lambda,6,6539,yes
1346,relay.ai,relay,5,6540,yes
1347,oasis.ai,oasis,5,6544,yes
1348,angry.ai,angry,5,6547,yes
1349,lover.ai,lover,5,6557,yes
1350,belong.ai,belong,6,6558,yes
1351,escort.ai,escort,6,6562,yes
1352,daddy.ai,daddy,5,6572,yes
1353,ferry.ai,ferry,5,6574,yes
1354,rabbit.ai,rabbit,6,6575,yes
1355,motel.ai,motel,5,6598,yes
1356,frozen.ai,frozen,6,6604,yes
1357,scales.ai,scales,6,6608,yes
1358,rally.ai,rally,5,6609,yes
1359,strain.ai,strain,6,6612,yes
1360,dying.ai,dying,5,6628,yes
1361,stuck.ai,stuck,5,6630,yes
1362,adjust.ai,adjust,6,6635,yes
1363,soviet.ai,soviet,6,6647,yes
1364,treaty.ai,treaty,6,6651,yes
1365,vocal.ai,vocal,5,6652,yes
1366,organ.ai,organ,5,6654,yes
1367,lemon.ai,lemon,5,6659,yes
1368,toxic.ai,toxic,5,6660,yes
1369,chapel.ai,chapel,6,6683,yes
1370,bench.ai,bench,5,6699,yes
1371,rider.ai,rider,5,6702,yes
1372,radius.ai,radius,6,6704,yes
1373,bobby.ai,bobby,5,6715,yes
1374,sheep.ai,sheep,5,6717,yes
1375,harder.ai,harder,6,6725,yes
1376,salad.ai,salad,5,6737,yes
1377,tender.ai,tender,6,6740,yes
1378,paste.ai,paste,5,6744,yes
1379,easter.ai,easter,6,6757,yes
1380,praise.ai,praise,6,6760,yes
1381,relax.ai,relax,5,6781,yes
1382,hardly.ai,hardly,6,6787,yes
1383,sword.ai,sword,5,6792,yes
1384,absent.ai,absent,6,6793,yes
1385,coral.ai,coral,5,6801,yes
1386,float.ai,float,5,6803,yes
1387,colin.ai,colin,5,6804,yes
1388,bubble.ai,bubble,6,6808,yes
1389,vessel.ai,vessel,6,6814,yes
1390,dairy.ai,dairy,5,6820,yes
1391,admit.ai,admit,5,6821,yes
1392,fancy.ai,fancy,5,6823,yes
1393,squad.ai,squad,5,6839,yes
1394,scroll.ai,scroll,6,6842,yes
1395,relate.ai,relate,6,6843,yes
1396,wages.ai,wages,5,6846,yes
1397,suffer.ai,suffer,6,6848,yes
1398,retain.ai,retain,6,6857,yes
1399,tunnel.ai,tunnel,6,6860,yes
1400,chaos.ai,chaos,5,6866,yes
1401,wheat.ai,wheat,5,6869,yes
1402,beaver.ai,beaver,6,6872,yes
1403,bases.ai,bases,5,6882,yes
1404,unity.ai,unity,5,6887,yes
1405,bride.ai,bride,5,6890,yes
1406,begun.ai,begun,5,6896,yes
1407,anchor.ai,anchor,6,6900,yes
1408,parade.ai,parade,6,6903,yes
1409,fever.ai,fever,5,6935,yes
1410,surely.ai,surely,6,6938,yes
1411,stylus.ai,stylus,6,6948,yes
1412,cattle.ai,cattle,6,6961,yes
1413,rover.ai,rover,5,6965,yes
1414,reload.ai,reload,6,6969,yes
1415,flame.ai,flame,5,6971,yes
1416,spell.ai,spell,5,6986,yes
1417,struck.ai,struck,6,6999,yes
1418,bridal.ai,bridal,6,7007,yes
1419,annex.ai,annex,5,7008,yes
1420,tribal.ai,tribal,6,7012,yes
1421,rebate.ai,rebate,6,7016,yes
1422,detect.ai,detect,6,7029,yes
1423,butler.ai,butler,6,7040,yes
1424,wired.ai,wired,5,7064,yes
1425,immune.ai,immune,6,7066,yes
1426,rarely.ai,rarely,6,7073,yes
1427,argue.ai,argue,5,7080,yes
1428,arise.ai,arise,5,7087,yes
1429,advise.ai,advise,6,7096,yes
1430,boxing.ai,boxing,6,7099,yes
1431,bitch.ai,bitch,5,7110,yes
1432,chess.ai,chess,5,7113,yes
1433,reveal.ai,reveal,6,7124,yes
1434,canal.ai,canal,5,7125,yes
1435,amino.ai,amino,5,7126,yes
1436,lying.ai,lying,5,7137,yes
1437,strict.ai,strict,6,7139,yes
1438,drill.ai,drill,5,7143,yes
1439,hobby.ai,hobby,5,7152,yes
1440,trick.ai,trick,5,7167,yes
1441,timber.ai,timber,6,7172,yes
1442,ruling.ai,ruling,6,7180,yes
1443,steady.ai,steady,6,7181,yes
1444,screw.ai,screw,5,7195,yes
1445,hourly.ai,hourly,6,7198,yes
1446,blame.ai,blame,5,7199,yes
1447,geneva.ai,geneva,6,7200,yes
1448,handed.ai,handed,6,7207,yes
1449,intake.ai,intake,6,7209,yes
1450,fifty.ai,fifty,5,7218,yes
1451,uncle.ai,uncle,5,7224,yes
1452,assure.ai,assure,6,7231,yes
1453,sodium.ai,sodium,6,7236,yes
1454,randy.ai,randy,5,7237,yes
1455,brick.ai,brick,5,7244,yes
1456,naval.ai,naval,5,7246,yes
1457,decent.ai,decent,6,7256,yes
1458,donna.ai,donna,5,7266,yes
1459,cabin.ai,cabin,5,7270,yes
1460,fired.ai,fired,5,7286,yes
1461,trivia.ai,trivia,6,7290,yes
1462,hazard.ai,hazard,6,7304,yes
1463,anger.ai,anger,5,7314,yes
1464,ribbon.ai,ribbon,6,7334,yes
1465,handy.ai,handy,5,7345,yes
1466,exempt.ai,exempt,6,7347,yes
1467,guild.ai,guild,5,7357,yes
1468,refuse.ai,refuse,6,7367,yes
1469,tribe.ai,tribe,5,7374,yes
1470,superb.ai,superb,6,7377,yes
1471,burton.ai,burton,6,7397,yes
1472,copied.ai,copied,6,7400,yes
1473,scotia.ai,scotia,6,7401,yes
1474,roller.ai,roller,6,7408,yes
1475,batch.ai,batch,5,7410,yes
1476,alter.ai,alter,5,7413,yes
1477,fitted.ai,fitted,6,7422,yes
1478,asthma.ai,asthma,6,7426,yes
1479,amend.ai,amend,5,7436,yes
1480,reward.ai,reward,6,7439,yes
1481,sprint.ai,sprint,6,7448,yes
1482,chick.ai,chick,5,7450,yes
1483,genome.ai,genome,6,7458,yes
1484,thong.ai,thong,5,7461,yes
1485,medal.ai,medal,5,7462,yes
1486,booth.ai,booth,5,7479,yes
1487,breed.ai,breed,5,7484,yes
1488,polar.ai,polar,5,7487,yes
1489,fallen.ai,fallen,6,7488,yes
1490,gather.ai,gather,6,7501,yes
1491,backed.ai,backed,6,7504,yes
1492,slight.ai,slight,6,7516,yes
1493,arrest.ai,arrest,6,7523,yes
1494,deeply.ai,deeply,6,7529,yes
1495,marina.ai,marina,6,7532,yes
1496,patio.ai,patio,5,7538,yes
1497,optics.ai,optics,6,7545,yes
1498,pursue.ai,pursue,6,7546,yes
1499,snake.ai,snake,5,7560,yes
1500,nipple.ai,nipple,6,7566,yes
1501,lonely.ai,lonely,6,7584,yes
1502,hereby.ai,hereby,6,7590,yes
1503,berry.ai,berry,5,7596,yes
1504,collar.ai,collar,6,7597,yes
1505,racial.ai,racial,6,7599,yes
1506,ought.ai,ought,5,7624,yes
1507,safely.ai,safely,6,7629,yes
1508,finite.ai,finite,6,7630,yes
1509,kidney.ai,kidney,6,7631,yes
1510,allied.ai,allied,6,7637,yes
1511,roster.ai,roster,6,7641,yes
1512,timer.ai,timer,5,7651,yes
1513,tuning.ai,tuning,6,7653,yes
1514,gotten.ai,gotten,6,7654,yes
1515,verse.ai,verse,5,7659,yes
1516,rocket.ai,rocket,6,7677,yes
1517,bullet.ai,bullet,6,7679,yes
1518,nasty.ai,nasty,5,7683,yes
1519,tumor.ai,tumor,5,7688,yes
1520,forty.ai,forty,5,7703,yes
1521,priest.ai,priest,6,7708,yes
1522,queue.ai,queue,5,7712,yes
1523,trance.ai,trance,6,7715,yes
1524,locale.ai,locale,6,7716,yes
1525,bundle.ai,bundle,6,7720,yes
1526,hammer.ai,hammer,6,7721,yes
1527,runner.ai,runner,6,7724,yes
1528,notion.ai,notion,6,7727,yes
1529,mailed.ai,mailed,6,7730,yes
1530,arctic.ai,arctic,6,7734,yes
1531,defend.ai,defend,6,7739,yes
1532,welsh.ai,welsh,5,7748,yes
1533,belly.ai,belly,5,7749,yes
1534,stolen.ai,stolen,6,7754,yes
1535,elder.ai,elder,5,7784,yes
1536,sonic.ai,sonic,5,7785,yes
1537,zoning.ai,zoning,6,7796,yes
1538,thumb.ai,thumb,5,7799,yes
1539,mighty.ai,mighty,6,7810,yes
1540,galaxy.ai,galaxy,6,7822,yes
1541,twist.ai,twist,5,7835,yes
1542,buried.ai,buried,6,7840,yes
1543,debut.ai,debut,5,7847,yes
1544,marker.ai,marker,6,7866,yes
1545,penny.ai,penny,5,7892,yes
1546,robust.ai,robust,6,7893,yes
1547,porter.ai,porter,6,7900,yes
1548,jungle.ai,jungle,6,7902,yes
1549,ivory.ai,ivory,5,7909,yes
1550,alpine.ai,alpine,6,7910,yes
1551,remix.ai,remix,5,7916,yes
1552,alias.ai,alias,5,7917,yes
1553,spice.ai,spice,5,7925,yes
1554,cooler.ai,cooler,6,7931,yes
1555,ascii.ai,ascii,5,7938,yes
1556,donor.ai,donor,5,7944,yes
1557,trash.ai,trash,5,7949,yes
1558,manor.ai,manor,5,7955,yes
1559,bailey.ai,bailey,6,7967,yes
1560,metric.ai,metric,6,7994,yes
1561,minus.ai,minus,5,7996,yes
1562,varied.ai,varied,6,8004,yes
1563,assign.ai,assign,6,8011,yes
1564,aurora.ai,aurora,6,8018,yes
1565,lender.ai,lender,6,8023,yes
1566,shade.ai,shade,5,8025,yes
1567,chorus.ai,chorus,6,8026,yes
1568,rhythm.ai,rhythm,6,8028,yes
1569,digit.ai,digit,5,8029,yes
1570,sudden.ai,sudden,6,8034,yes
1571,lyric.ai,lyric,5,8043,yes
1572,chubby.ai,chubby,6,8064,yes
1573,grave.ai,grave,5,8065,yes
1574,burner.ai,burner,6,8068,yes
1575,gentle.ai,gentle,6,8075,yes
1576,worthy.ai,worthy,6,8085,yes
1577,lobby.ai,lobby,5,8106,yes
1578,punch.ai,punch,5,8114,yes
1579,cowboy.ai,cowboy,6,8118,yes
1580,karma.ai,karma,5,8122,yes
1581,betty.ai,betty,5,8124,yes
1582,defeat.ai,defeat,6,8135,yes
1583,harper.ai,harper,6,8142,yes
1584,tenant.ai,tenant,6,8146,yes
1585,tattoo.ai,tattoo,6,8149,yes
1586,shake.ai,shake,5,8150,yes
1587,holly.ai,holly,5,8153,yes
1588,silly.ai,silly,5,8155,yes
1589,mercy.ai,mercy,5,8158,yes
1590,freely.ai,freely,6,8160,yes
1591,fence.ai,fence,5,8175,yes
1592,nudist.ai,nudist,6,8176,yes
1593,shame.ai,shame,5,8184,yes
1594,fatal.ai,fatal,5,8192,yes
1595,remedy.ai,remedy,6,8193,yes
1596,genius.ai,genius,6,8200,yes
1597,flesh.ai,flesh,5,8205,yes
1598,barely.ai,barely,6,8208,yes
1599,marble.ai,marble,6,8222,yes
1600,surrey.ai,surrey,6,8228,yes
1601,magnet.ai,magnet,6,8263,yes
1602,cayman.ai,cayman,6,8266,yes
1603,jaguar.ai,jaguar,6,8267,yes
1604,sheer.ai,sheer,5,8269,yes
1605,posing.ai,posing,6,8271,yes
1606,urgent.ai,urgent,6,8279,yes
1607,witch.ai,witch,5,8284,yes
1608,puppy.ai,puppy,5,8293,yes
1609,patrol.ai,patrol,6,8313,yes
1610,smell.ai,smell,5,8314,yes
1611,divide.ai,divide,6,8328,yes
1612,satin.ai,satin,5,8334,yes
1613,boring.ai,boring,6,8356,yes
1614,schema.ai,schema,6,8363,yes
1615,prefix.ai,prefix,6,8372,yes
1616,barrel.ai,barrel,6,8375,yes
1617,nerve.ai,nerve,5,8377,yes
1618,renew.ai,renew,5,8383,yes
1619,floppy.ai,floppy,6,8390,yes
1620,namely.ai,namely,6,8409,yes
1621,aerial.ai,aerial,6,8417,yes
1622,rebel.ai,rebel,5,8420,yes
1623,hired.ai,hired,5,8424,yes
1624,wicked.ai,wicked,6,8459,yes
1625,slope.ai,slope,5,8479,yes
1626,whats.ai,whats,5,8488,yes
1627,merit.ai,merit,5,8500,yes
1628,enzyme.ai,enzyme,6,8501,yes
1629,tackle.ai,tackle,6,8506,yes
1630,fairy.ai,fairy,5,8521,yes
1631,shaft.ai,shaft,5,8524,yes
1632,kitty.ai,kitty,5,8536,yes
1633,drain.ai,drain,5,8539,yes
1634,monte.ai,monte,5,8540,yes
1635,potato.ai,potato,6,8549,yes
1636,panic.ai,panic,5,8550,yes
1637,sticks.ai,sticks,6,8552,yes
1638,excuse.ai,excuse,6,8557,yes
1639,onion.ai,onion,5,8560,yes
1640,strand.ai,strand,6,8561,yes
1641,cheque.ai,cheque,6,8570,yes
1642,reject.ai,reject,6,8574,yes
1643,merry.ai,merry,5,8581,yes
1644,valued.ai,valued,6,8590,yes
1645,batman.ai,batman,6,8603,yes
1646,dried.ai,dried,5,8618,yes
1647,settle.ai,settle,6,8623,yes
1648,palmer.ai,palmer,6,8628,yes
1649,derby.ai,derby,5,8631,yes
1650,scenic.ai,scenic,6,8638,yes
1651,sewing.ai,sewing,6,8645,yes
1652,pillow.ai,pillow,6,8672,yes
1653,steal.ai,steal,5,8683,yes
1654,parcel.ai,parcel,6,8684,yes
1655,rolled.ai,rolled,6,8695,yes
1656,tuner.ai,tuner,5,8696,yes
1657,flavor.ai,flavor,6,8705,yes
1658,alike.ai,alike,5,8706,yes
1659,hungry.ai,hungry,6,8710,yes
1660,lesser.ai,lesser,6,8734,yes
1661,scout.ai,scout,5,8744,yes
1662,dealt.ai,dealt,5,8747,yes
1663,trader.ai,trader,6,8754,yes
1664,denial.ai,denial,6,8758,yes
1665,thrown.ai,thrown,6,8761,yes
1666,badge.ai,badge,5,8768,yes
1667,wrist.ai,wrist,5,8769,yes
1668,heath.ai,heath,5,8773,yes
1669,ballot.ai,ballot,6,8775,yes
1670,squirt.ai,squirt,6,8785,yes
1671,realm.ai,realm,5,8788,yes
1672,jenny.ai,jenny,5,8790,yes
1673,helmet.ai,helmet,6,8791,yes
1674,nickel.ai,nickel,6,8799,yes
1675,wallet.ai,wallet,6,8811,yes
1676,rouge.ai,rouge,5,8822,yes
1677,yeast.ai,yeast,5,8823,yes
1678,coated.ai,coated,6,8833,yes
1679,intend.ai,intend,6,8834,yes
1680,singh.ai,singh,5,8857,yes
1681,brook.ai,brook,5,8863,yes
1682,accent.ai,accent,6,8873,yes
1683,eleven.ai,eleven,6,8875,yes
1684,auburn.ai,auburn,6,8883,yes
1685,unlock.ai,unlock,6,8884,yes
1686,pledge.ai,pledge,6,8886,yes
1687,merger.ai,merger,6,8893,yes
1688,armor.ai,armor,5,8916,yes
1689,remark.ai,remark,6,8919,yes
1690,nudity.ai,nudity,6,8943,yes
1691,granny.ai,granny,6,8946,yes
1692,viral.ai,viral,5,8950,yes
1693,laden.ai,laden,5,8954,yes
1694,merge.ai,merge,5,8958,yes
1695,fleece.ai,fleece,6,8969,yes
1696,pierce.ai,pierce,6,8975,yes
1697,allan.ai,allan,5,8976,yes
1698,sperm.ai,sperm,5,8979,yes
1699,craps.ai,craps,5,8983,yes
1700,frost.ai,frost,5,8985,yes
1701,sally.ai,sally,5,8991,yes
1702,yacht.ai,yacht,5,8992,yes
1703,breach.ai,breach,6,9001,yes
1704,whale.ai,whale,5,9002,yes
1705,wiring.ai,wiring,6,9021,yes
1706,pastor.ai,pastor,6,9023,yes
1707,shark.ai,shark,5,9027,yes
1708,phases.ai,phases,6,9030,yes
1709,cliff.ai,cliff,5,9036,yes
1710,tract.ai,tract,5,9038,yes
1711,ballet.ai,ballet,6,9040,yes
1712,bumper.ai,bumper,6,9045,yes
1713,garlic.ai,garlic,6,9049,yes
1714,shine.ai,shine,5,9051,yes
1715,briefs.ai,briefs,6,9057,yes
1716,ozone.ai,ozone,5,9062,yes
1717,tariff.ai,tariff,6,9069,yes
1718,serum.ai,serum,5,9075,yes
1719,swift.ai,swift,5,9077,yes
1720,focal.ai,focal,5,9081,yes
1721,vagina.ai,vagina,6,9083,yes
1722,samba.ai,samba,5,9096,yes
1723,hostel.ai,hostel,6,9097,yes
1724,employ.ai,employ,6,9099,yes
1725,yearly.ai,yearly,6,9115,yes
1726,wound.ai,wound,5,9117,yes
1727,belle.ai,belle,5,9118,yes
1728,marvel.ai,marvel,6,9136,yes
1729,lined.ai,lined,5,9137,yes
1730,petite.ai,petite,6,9143,yes
1731,gossip.ai,gossip,6,9152,yes
1732,rotary.ai,rotary,6,9157,yes
1733,cubic.ai,cubic,5,9166,yes
1734,kinase.ai,kinase,6,9171,yes
1735,elect.ai,elect,5,9193,yes
1736,deadly.ai,deadly,6,9200,yes
1737,bunny.ai,bunny,5,9203,yes
1738,chevy.ai,chevy,5,9204,yes
1739,flyer.ai,flyer,5,9218,yes
1740,dosage.ai,dosage,6,9220,yes
1741,baking.ai,baking,6,9229,yes
1742,needle.ai,needle,6,9233,yes
1743,sticky.ai,sticky,6,9246,yes
1744,climb.ai,climb,5,9251,yes
1745,dover.ai,dover,5,9266,yes
1746,brutal.ai,brutal,6,9271,yes
1747,token.ai,token,5,9277,yes
1748,burke.ai,burke,5,9305,yes
1749,vertex.ai,vertex,6,9320,yes
1750,tomato.ai,tomato,6,9324,yes
1751,flush.ai,flush,5,9330,yes
1752,waiver.ai,waiver,6,9331,yes
1753,jewel.ai,jewel,5,9357,yes
1754,velvet.ai,velvet,6,9373,yes
1755,funky.ai,funky,5,9379,yes
1756,lately.ai,lately,6,9390,yes
1757,scary.ai,scary,5,9392,yes
1758,banana.ai,banana,6,9397,yes
1759,bloody.ai,bloody,6,9405,yes
1760,mixer.ai,mixer,5,9406,yes
1761,remind.ai,remind,6,9407,yes
1762,tooth.ai,tooth,5,9414,yes
1763,stays.ai,stays,5,9418,yes
1764,affair.ai,affair,6,9420,yes
1765,drove.ai,drove,5,9421,yes
1766,washer.ai,washer,6,9422,yes
1767,upset.ai,upset,5,9423,yes
1768,beside.ai,beside,6,9426,yes
1769,mines.ai,mines,5,9427,yes
1770,mentor.ai,mentor,6,9431,yes
1771,fought.ai,fought,6,9434,yes
1772,pencil.ai,pencil,6,9442,yes
1773,freeze.ai,freeze,6,9443,yes
1774,titled.ai,titled,6,9447,yes
1775,sphere.ai,sphere,6,9449,yes
1776,walnut.ai,walnut,6,9458,yes
1777,lance.ai,lance,5,9459,yes
1778,ladder.ai,ladder,6,9460,yes
1779,colon.ai,colon,5,9476,yes
1780,purse.ai,purse,5,9479,yes
1781,align.ai,align,5,9493,yes
1782,bless.ai,bless,5,9495,yes
1783,crest.ai,crest,5,9498,yes
1784,orgasm.ai,orgasm,6,9506,yes
1785,alloy.ai,alloy,5,9510,yes
1786,gently.ai,gently,6,9515,yes
1787,bloom.ai,bloom,5,9524,yes
1788,surge.ai,surge,5,9536,yes
1789,trauma.ai,trauma,6,9538,yes
1790,advert.ai,advert,6,9541,yes
1791,picnic.ai,picnic,6,9556,yes
1792,spank.ai,spank,5,9559,yes
1793,hollow.ai,hollow,6,9566,yes
1794,vault.ai,vault,5,9567,yes
1795,groove.ai,groove,6,9571,yes
1796,blake.ai,blake,5,9584,yes
1797,travis.ai,travis,6,9587,yes
1798,orbit.ai,orbit,5,9591,yes
1799,bacon.ai,bacon,5,9594,yes
1800,heater.ai,heater,6,9597,yes
1801,colony.ai,colony,6,9598,yes
1802,cannon.ai,cannon,6,9599,yes
1803,circus.ai,circus,6,9600,yes
1804,spine.ai,spine,5,9608,yes
1805,trout.ai,trout,5,9609,yes
1806,fatty.ai,fatty,5,9618,yes
1807,hunger.ai,hunger,6,9624,yes
1808,cement.ai,cement,6,9632,yes
1809,marco.ai,marco,5,9648,yes
1810,violin.ai,violin,6,9656,yes
1811,oxide.ai,oxide,5,9662,yes
1812,turtle.ai,turtle,6,9688,yes
1813,neural.ai,neural,6,9695,yes
1814,fossil.ai,fossil,6,9697,yes
1815,badly.ai,badly,5,9700,yes
1816,scoop.ai,scoop,5,9716,yes
1817,verbal.ai,verbal,6,9729,yes
1818,blink.ai,blink,5,9730,yes
1819,fuzzy.ai,fuzzy,5,9748,yes
1820,render.ai,render,6,9759,yes
1821,forge.ai,forge,5,9768,yes
1822,dense.ai,dense,5,9770,yes
1823,brave.ai,brave,5,9772,yes
1824,awful.ai,awful,5,9775,yes
1825,impose.ai,impose,6,9781,yes
1826,savage.ai,savage,6,9792,yes
1827,willow.ai,willow,6,9796,yes
1828,whore.ai,whore,5,9802,yes
1829,wagon.ai,wagon,5,9805,yes
1830,knock.ai,knock,5,9810,yes
1831,quilt.ai,quilt,5,9825,yes
1832,subtle.ai,subtle,6,9840,yes
1833,cradle.ai,cradle,6,9852,yes
1834,mambo.ai,mambo,5,9854,yes
1835,flour.ai,flour,5,9857,yes
1836,choir.ai,choir,5,9862,yes
1837,virtue.ai,virtue,6,9875,yes
1838,burst.ai,burst,5,9876,yes
1839,corpus.ai,corpus,6,9888,yes
1840,daisy.ai,daisy,5,9908,yes
1841,cursor.ai,cursor,6,9912,yes
1842,crude.ai,crude,5,9920,yes
1843,maiden.ai,maiden,6,9922,yes
1844,viking.ai,viking,6,9927,yes
1845,myrtle.ai,myrtle,6,9928,yes
1846,bother.ai,bother,6,9936,yes
1847,mating.ai,mating,6,9944,yes
1848,unwrap.ai,unwrap,6,9954,yes
1849,resist.ai,resist,6,9957,yes
1850,hoped.ai,hoped,5,9960,yes
1851,ranger.ai,ranger,6,9975,yes
1852,marsh.ai,marsh,5,9979,yes
1853,theta.ai,theta,5,9983,yes
1854,asylum.ai,asylum,6,9989,yes
1855,stake.ai,stake,5,9992,yes
1856,arbor.ai,arbor,5,9997,yes
1857,poison.ai,poison,6,10000,yes
1858,costly.ai,costly,6,10003,yes
1859,stitch.ai,stitch,6,10006,yes
1860,rifle.ai,rifle,5,10008,yes
1861,inland.ai,inland,6,10017,yes
1862,racism.ai,racism,6,10021,yes
1863,accord.ai,accord,6,10024,yes
1864,modest.ai,modest,6,10026,yes
1865,unused.ai,unused,6,10035,yes
1866,insure.ai,insure,6,10044,yes
1867,waist.ai,waist,5,10050,yes
1868,sewer.ai,sewer,5,10058,yes
1869,bosch.ai,bosch,5,10061,yes
1870,gallon.ai,gallon,6,10073,yes
1871,bitter.ai,bitter,6,10079,yes
1872,burned.ai,burned,6,10081,yes
1873,demos.ai,demos,5,10092,yes
1874,sided.ai,sided,5,10097,yes
1875,depart.ai,depart,6,10105,yes
1876,minded.ai,minded,6,10119,yes
1877,resin.ai,resin,5,10120,yes
1878,allies.ai,allies,6,10121,yes
1879,linen.ai,linen,5,10127,yes
1880,decay.ai,decay,5,10134,yes
1881,quartz.ai,quartz,6,10137,yes
1882,eighth.ai,eighth,6,10139,yes
1883,usher.ai,usher,5,10141,yes
1884,buffet.ai,buffet,6,10147,yes
1885,skate.ai,skate,5,10149,yes
1886,lynch.ai,lynch,5,10159,yes
1887,franc.ai,franc,5,10164,yes
1888,timor.ai,timor,5,10171,yes
1889,voter.ai,voter,5,10187,yes
1890,urine.ai,urine,5,10190,yes
1891,towel.ai,towel,5,10194,yes
1892,ginger.ai,ginger,6,10195,yes
1893,crying.ai,crying,6,10209,yes
1894,crane.ai,crane,5,10212,yes
1895,rotten.ai,rotten,6,10218,yes
1896,garnet.ai,garnet,6,10221,yes
1897,habit.ai,habit,5,10222,yes
1898,coupe.ai,coupe,5,10231,yes
1899,clever.ai,clever,6,10247,yes
1900,primer.ai,primer,6,10248,yes
1901,fresno.ai,fresno,6,10253,yes
1902,bypass.ai,bypass,6,10257,yes
1903,sixty.ai,sixty,5,10263,yes
1904,spark.ai,spark,5,10274,yes
1905,spike.ai,spike,5,10285,yes
1906,plated.ai,plated,6,10286,yes
1907,drawer.ai,drawer,6,10288,yes
1908,caller.ai,caller,6,10307,yes
1909,tonga.ai,tonga,5,10313,yes
1910,viable.ai,viable,6,10324,yes
1911,defect.ai,defect,6,10327,yes
1912,poorly.ai,poorly,6,10329,yes
1913,hunks.ai,hunks,5,10350,yes
1914,sedan.ai,sedan,5,10361,yes
1915,refill.ai,refill,6,10377,yes
1916,sailor.ai,sailor,6,10379,yes
1917,lining.ai,lining,6,10381,yes
1918,flora.ai,flora,5,10385,yes
1919,statue.ai,statue,6,10389,yes
1920,hardy.ai,hardy,5,10393,yes
1921,jumper.ai,jumper,6,10395,yes
1922,denim.ai,denim,5,10414,yes
1923,trophy.ai,trophy,6,10423,yes
1924,liquor.ai,liquor,6,10435,yes
1925,baked.ai,baked,5,10452,yes
1926,glove.ai,glove,5,10453,yes
1927,spinal.ai,spinal,6,10475,yes
1928,sooner.ai,sooner,6,10479,yes
1929,tenure.ai,tenure,6,10483,yes
1930,plush.ai,plush,5,10484,yes
1931,weber.ai,weber,5,10485,yes
1932,brent.ai,brent,5,10498,yes
1933,adapt.ai,adapt,5,10510,yes
1934,brett.ai,brett,5,10526,yes
1935,naming.ai,naming,6,10535,yes
1936,stern.ai,stern,5,10536,yes
1937,tutor.ai,tutor,5,10550,yes
1938,idiot.ai,idiot,5,10551,yes
1939,debit.ai,debit,5,10557,yes
1940,domino.ai,domino,6,10560,yes
1941,raven.ai,raven,5,10564,yes
1942,slice.ai,slice,5,10568,yes
1943,gambia.ai,gambia,6,10572,yes
1944,aspen.ai,aspen,5,10573,yes
1945,lemma.ai,lemma,5,10580,yes
1946,pause.ai,pause,5,10611,yes
1947,demon.ai,demon,5,10618,yes
1948,closet.ai,closet,6,10648,yes
1949,couch.ai,couch,5,10651,yes
1950,rogue.ai,rogue,5,10657,yes
1951,unfair.ai,unfair,6,10658,yes
1952,vacant.ai,vacant,6,10675,yes
1953,fixing.ai,fixing,6,10677,yes
1954,optic.ai,optic,5,10691,yes
1955,insect.ai,insect,6,10696,yes
1956,chili.ai,chili,5,10699,yes
1957,grief.ai,grief,5,10700,yes
1958,sweat.ai,sweat,5,10703,yes
1959,quake.ai,quake,5,10716,yes
1960,alley.ai,alley,5,10719,yes
1961,twain.ai,twain,5,10738,yes
1962,breeze.ai,breeze,6,10749,yes
1963,buffy.ai,buffy,5,10753,yes
1964,saddle.ai,saddle,6,10771,yes
1965,loyal.ai,loyal,5,10773,yes
1966,renal.ai,renal,5,10779,yes
1967,spite.ai,spite,5,10782,yes
1968,imply.ai,imply,5,10787,yes
1969,wholly.ai,wholly,6,10792,yes
1970,chill.ai,chill,5,10793,yes
1971,liner.ai,liner,5,10800,yes
1972,manila.ai,manila,6,10801,yes
1973,purely.ai,purely,6,10806,yes
1974,vivid.ai,vivid,5,10810,yes
1975,enroll.ai,enroll,6,10811,yes
1976,daemon.ai,daemon,6,10815,yes
1977,skull.ai,skull,5,10842,yes
1978,falcon.ai,falcon,6,10847,yes
1979,riley.ai,riley,5,10861,yes
1980,critic.ai,critic,6,10865,yes
1981,bucket.ai,bucket,6,10906,yes
1982,steak.ai,steak,5,10907,yes
1983,cobra.ai,cobra,5,10910,yes
1984,subset.ai,subset,6,10911,yes
1985,threw.ai,threw,5,10913,yes
1986,zombie.ai,zombie,6,10920,yes
1987,walsh.ai,walsh,5,10942,yes
1988,ninth.ai,ninth,5,10943,yes
1989,mutant.ai,mutant,6,10944,yes
1990,marry.ai,marry,5,10946,yes
1991,bounce.ai,bounce,6,10952,yes
1992,spiral.ai,spiral,6,10954,yes
1993,drake.ai,drake,5,10968,yes
1994,nicely.ai,nicely,6,10976,yes
1995,laurel.ai,laurel,6,10980,yes
1996,fried.ai,fried,5,10985,yes
1997,shrimp.ai,shrimp,6,10994,yes
1998,woody.ai,woody,5,11003,yes
1999,cried.ai,cried,5,11008,yes
2000,lotion.ai,lotion,6,11012,yes
2001,beaten.ai,beaten,6,11017,yes
2002,tucker.ai,tucker,6,11033,yes
2003,molly.ai,molly,5,11042,yes
2004,scream.ai,scream,6,11068,yes
2005,pirate.ai,pirate,6,11071,yes
2006,willie.ai,willie,6,11078,yes
2007,rival.ai,rival,5,11080,yes
2008,beige.ai,beige,5,11091,yes
2009,vanity.ai,vanity,6,11105,yes
2010,homer.ai,homer,5,11110,yes
2011,genus.ai,genus,5,11119,yes
2012,cutter.ai,cutter,6,11122,yes
2013,melody.ai,melody,6,11131,yes
2014,cousin.ai,cousin,6,11133,yes
2015,torque.ai,torque,6,11135,yes
2016,burial.ai,burial,6,11146,yes
2017,emerge.ai,emerge,6,11159,yes
2018,clutch.ai,clutch,6,11162,yes
2019,woven.ai,woven,5,11165,yes
2020,pedro.ai,pedro,5,11168,yes
2021,barber.ai,barber,6,11180,yes
2022,rigid.ai,rigid,5,11182,yes
2023,blown.ai,blown,5,11202,yes
2024,baton.ai,baton,5,11204,yes
2025,barton.ai,barton,6,11207,yes
2026,abbey.ai,abbey,5,11214,yes
2027,sauna.ai,sauna,5,11253,yes
2028,bowls.ai,bowls,5,11264,yes
2029,cosmic.ai,cosmic,6,11270,yes
2030,beacon.ai,beacon,6,11276,yes
2031,cruel.ai,cruel,5,11289,yes
2032,firing.ai,firing,6,11298,yes
2033,eager.ai,eager,5,11300,yes
2034,chang.ai,chang,5,11312,yes
2035,pupil.ai,pupil,5,11316,yes
2036,feast.ai,feast,5,11317,yes
2037,canton.ai,canton,6,11322,yes
2038,laying.ai,laying,6,11331,yes
2039,strive.ai,strive,6,11336,yes
2040,cooker.ai,cooker,6,11343,yes
2041,ankle.ai,ankle,5,11344,yes
2042,banker.ai,banker,6,11354,yes
2043,borrow.ai,borrow,6,11358,yes
2044,bamboo.ai,bamboo,6,11360,yes
2045,blunt.ai,blunt,5,11372,yes
2046,react.ai,react,5,11376,yes
2047,insane.ai,insane,6,11383,yes
2048,voyage.ai,voyage,6,11385,yes
2049,sketch.ai,sketch,6,11392,yes
2050,dancer.ai,dancer,6,11401,yes
2051,firmly.ai,firmly,6,11406,yes
2052,washed.ai,washed,6,11416,yes
2053,mosaic.ai,mosaic,6,11420,yes
2054,fiesta.ai,fiesta,6,11422,yes
2055,flute.ai,flute,5,11429,yes
2056,sizing.ai,sizing,6,11432,yes
2057,harsh.ai,harsh,5,11437,yes
2058,outfit.ai,outfit,6,11438,yes
2059,cease.ai,cease,5,11444,yes
2060,aboard.ai,aboard,6,11446,yes
2061,jenna.ai,jenna,5,11490,yes
2062,splash.ai,splash,6,11503,yes
2063,equip.ai,equip,5,11506,yes
2064,hedge.ai,hedge,5,11515,yes
2065,fender.ai,fender,6,11518,yes
2066,violet.ai,violet,6,11519,yes
2067,curry.ai,curry,5,11535,yes
2068,pouch.ai,pouch,5,11552,yes
2069,stripe.ai,stripe,6,11575,yes
2070,didnt.ai,didnt,5,11589,yes
2071,spoon.ai,spoon,5,11594,yes
2072,niche.ai,niche,5,11596,yes
2073,cigar.ai,cigar,5,11600,yes
2074,locker.ai,locker,6,11612,yes
2075,squash.ai,squash,6,11614,yes
2076,curse.ai,curse,5,11618,yes
2077,booked.ai,booked,6,11636,yes
2078,lumber.ai,lumber,6,11642,yes
2079,asleep.ai,asleep,6,11647,yes
2080,shout.ai,shout,5,11650,yes
2081,subway.ai,subway,6,11661,yes
2082,straw.ai,straw,5,11663,yes
2083,citrus.ai,citrus,6,11668,yes
2084,reuse.ai,reuse,5,11675,yes
2085,bakery.ai,bakery,6,11681,yes
2086,orchid.ai,orchid,6,11683,yes
2087,suede.ai,suede,5,11691,yes
2088,peach.ai,peach,5,11696,yes
2089,diaper.ai,diaper,6,11702,yes
2090,uncut.ai,uncut,5,11710,yes
2091,intact.ai,intact,6,11711,yes
2092,duplex.ai,duplex,6,11719,yes
2093,stove.ai,stove,5,11730,yes
2094,refuge.ai,refuge,6,11736,yes
2095,freak.ai,freak,5,11745,yes
2096,bluff.ai,bluff,5,11750,yes
2097,jasper.ai,jasper,6,11752,yes
2098,sadly.ai,sadly,5,11756,yes
2099,avail.ai,avail,5,11759,yes
2100,deploy.ai,deploy,6,11767,yes
2101,hatch.ai,hatch,5,11770,yes
2102,stein.ai,stein,5,11774,yes
2103,spill.ai,spill,5,11777,yes
2104,drift.ai,drift,5,11779,yes
2105,autism.ai,autism,6,11783,yes
2106,fuller.ai,fuller,6,11785,yes
2107,crisp.ai,crisp,5,11793,yes
2108,keeper.ai,keeper,6,11802,yes
2109,rookie.ai,rookie,6,11812,yes
2110,ritual.ai,ritual,6,11822,yes
2111,onset.ai,onset,5,11826,yes
2112,assay.ai,assay,5,11832,yes
2113,parser.ai,parser,6,11838,yes
2114,plaque.ai,plaque,6,11845,yes
2115,snack.ai,snack,5,11852,yes
2116,drying.ai,drying,6,11873,yes
2117,squid.ai,squid,5,11889,yes
2118,maxim.ai,maxim,5,11902,yes
2119,slate.ai,slate,5,11920,yes
2120,debris.ai,debris,6,11937,yes
2121,pagan.ai,pagan,5,11941,yes
2122,widow.ai,widow,5,11943,yes
2123,skies.ai,skies,5,11956,yes
2124,alison.ai,alison,6,11960,yes
2125,canoe.ai,canoe,5,11964,yes
2126,juicy.ai,juicy,5,11986,yes
2127,moody.ai,moody,5,11990,yes
2128,pedal.ai,pedal,5,12011,yes
2129,tuned.ai,tuned,5,12019,yes
2130,rename.ai,rename,6,12029,yes
2131,markup.ai,markup,6,12031,yes
2132,scrap.ai,scrap,5,12034,yes
2133,copier.ai,copier,6,12045,yes
2134,vapor.ai,vapor,5,12053,yes
2135,beware.ai,beware,6,12054,yes
2136,aloud.ai,aloud,5,12055,yes
2137,goose.ai,goose,5,12065,yes
2138,gifted.ai,gifted,6,12072,yes
2139,esteem.ai,esteem,6,12073,yes
2140,landed.ai,landed,6,12084,yes
2141,warsaw.ai,warsaw,6,12089,yes
2142,hydro.ai,hydro,5,12097,yes
2143,playa.ai,playa,5,12102,yes
2144,noisy.ai,noisy,5,12104,yes
2145,abide.ai,abide,5,12106,yes
2146,regret.ai,regret,6,12121,yes
2147,bliss.ai,bliss,5,12130,yes
2148,litter.ai,litter,6,12134,yes
2149,parse.ai,parse,5,12141,yes
2150,rugged.ai,rugged,6,12142,yes
2151,jelly.ai,jelly,5,12143,yes
2152,humble.ai,humble,6,12155,yes
2153,petrol.ai,petrol,6,12158,yes
2154,midway.ai,midway,6,12159,yes
2155,mania.ai,mania,5,12160,yes
2156,whites.ai,whites,6,12174,yes
2157,fringe.ai,fringe,6,12180,yes
2158,hassle.ai,hassle,6,12207,yes
2159,docket.ai,docket,6,12216,yes
2160,intern.ai,intern,6,12233,yes
2161,satan.ai,satan,5,12240,yes
2162,oppose.ai,oppose,6,12242,yes
2163,cheer.ai,cheer,5,12252,yes
2164,sparks.ai,sparks,6,12263,yes
2165,clamp.ai,clamp,5,12274,yes
2166,grape.ai,grape,5,12278,yes
2167,madden.ai,madden,6,12281,yes
2168,lively.ai,lively,6,12285,yes
2169,tripod.ai,tripod,6,12291,yes
2170,traps.ai,traps,5,12303,yes
2171,racer.ai,racer,5,12309,yes
2172,guilt.ai,guilt,5,12311,yes
2173,sweep.ai,sweep,5,12312,yes
2174,param.ai,param,5,12342,yes
2175,lunar.ai,lunar,5,12347,yes
2176,elaine.ai,elaine,6,12357,yes
2177,expose.ai,expose,6,12366,yes
2178,boxer.ai,boxer,5,12378,yes
2179,weigh.ai,weigh,5,12382,yes
2180,rodeo.ai,rodeo,5,12383,yes
2181,moose.ai,moose,5,12388,yes
2182,crush.ai,crush,5,12398,yes
2183,mystic.ai,mystic,6,12400,yes
2184,lever.ai,lever,5,12422,yes
2185,tasty.ai,tasty,5,12426,yes
2186,tarot.ai,tarot,5,12436,yes
2187,wasted.ai,wasted,6,12442,yes
2188,cocoa.ai,cocoa,5,12444,yes
2189,footer.ai,footer,6,12451,yes
2190,ghetto.ai,ghetto,6,12461,yes
2191,meadow.ai,meadow,6,12465,yes
2192,panty.ai,panty,5,12466,yes
2193,feeder.ai,feeder,6,12467,yes
2194,mercer.ai,mercer,6,12468,yes
2195,becker.ai,becker,6,12476,yes
2196,hurry.ai,hurry,5,12483,yes
2197,clash.ai,clash,5,12503,yes
2198,peanut.ai,peanut,6,12511,yes
2199,holden.ai,holden,6,12512,yes
2200,kaiser.ai,kaiser,6,12522,yes
2201,retire.ai,retire,6,12529,yes
2202,stain.ai,stain,5,12545,yes
2203,wished.ai,wished,6,12547,yes
2204,gadget.ai,gadget,6,12552,yes
2205,reign.ai,reign,5,12555,yes
2206,ticker.ai,ticker,6,12558,yes
2207,baron.ai,baron,5,12562,yes
2208,thrust.ai,thrust,6,12572,yes
2209,novice.ai,novice,6,12577,yes
2210,stiff.ai,stiff,5,12588,yes
2211,rabbi.ai,rabbi,5,12597,yes
2212,puffy.ai,puffy,5,12599,yes
2213,elbow.ai,elbow,5,12610,yes
2214,stark.ai,stark,5,12618,yes
2215,circa.ai,circa,5,12628,yes
2216,revise.ai,revise,6,12629,yes
2217,weaver.ai,weaver,6,12651,yes
2218,pewter.ai,pewter,6,12666,yes
2219,razor.ai,razor,5,12682,yes
2220,cough.ai,cough,5,12683,yes
2221,eureka.ai,eureka,6,12701,yes
2222,tibet.ai,tibet,5,12707,yes
2223,zodiac.ai,zodiac,6,12732,yes
2224,tubing.ai,tubing,6,12736,yes
2225,artery.ai,artery,6,12741,yes
2226,inlet.ai,inlet,5,12744,yes
2227,canopy.ai,canopy,6,12763,yes
2228,gloss.ai,gloss,5,12764,yes
2229,panda.ai,panda,5,12765,yes
2230,porch.ai,porch,5,12769,yes
2231,brains.ai,brains,6,12786,yes
2232,eaten.ai,eaten,5,12788,yes
2233,indigo.ai,indigo,6,12789,yes
2234,excite.ai,excite,6,12803,yes
2235,pseudo.ai,pseudo,6,12811,yes
2236,steep.ai,steep,5,12815,yes
2237,dinar.ai,dinar,5,12816,yes
2238,creed.ai,creed,5,12818,yes
2239,carat.ai,carat,5,12819,yes
2240,throne.ai,throne,6,12833,yes
2241,pagina.ai,pagina,6,12835,yes
2242,plump.ai,plump,5,12849,yes
2243,expire.ai,expire,6,12853,yes
2244,midst.ai,midst,5,12856,yes
2245,methyl.ai,methyl,6,12857,yes
2246,borne.ai,borne,5,12859,yes
2247,ramada.ai,ramada,6,12861,yes
2248,usable.ai,usable,6,12871,yes
2249,tempo.ai,tempo,5,12872,yes
2250,denote.ai,denote,6,12883,yes
2251,slayer.ai,slayer,6,12884,yes
2252,tester.ai,tester,6,12888,yes
2253,rodney.ai,rodney,6,12900,yes
2254,torch.ai,torch,5,12910,yes
2255,lohan.ai,lohan,5,12924,yes
2256,helper.ai,helper,6,12931,yes
2257,rancho.ai,rancho,6,12934,yes
2258,attic.ai,attic,5,12941,yes
2259,piper.ai,piper,5,12946,yes
2260,skinny.ai,skinny,6,12952,yes
2261,sewage.ai,sewage,6,12953,yes
2262,wretch.ai,wretch,6,12968,yes
2263,racist.ai,racist,6,12971,yes
2264,convey.ai,convey,6,12977,yes
2265,govern.ai,govern,6,12982,yes
2266,graded.ai,graded,6,12995,yes
2267,billed.ai,billed,6,13009,yes
2268,tenth.ai,tenth,5,13015,yes
2269,kindly.ai,kindly,6,13039,yes
2270,cutie.ai,cutie,5,13040,yes
2271,notch.ai,notch,5,13044,yes
2272,decree.ai,decree,6,13053,yes
2273,gamble.ai,gamble,6,13068,yes
2274,gravel.ai,gravel,6,13072,yes
2275,assert.ai,assert,6,13093,yes
2276,bowie.ai,bowie,5,13096,yes
2277,thrice.ai,thrice,6,13100,yes
2278,scent.ai,scent,5,13121,yes
2279,sequel.ai,sequel,6,13122,yes
2280,herpes.ai,herpes,6,13128,yes
2281,upward.ai,upward,6,13129,yes
2282,grasp.ai,grasp,5,13142,yes
2283,streak.ai,streak,6,13143,yes
2284,ounce.ai,ounce,5,13144,yes
2285,tragic.ai,tragic,6,13147,yes
2286,toast.ai,toast,5,13157,yes
2287,hooked.ai,hooked,6,13159,yes
2288,shrink.ai,shrink,6,13161,yes
2289,stance.ai,stance,6,13169,yes
2290,beaded.ai,beaded,6,13172,yes
2291,exodus.ai,exodus,6,13175,yes
2292,kinky.ai,kinky,5,13178,yes
2293,derive.ai,derive,6,13184,yes
2294,quota.ai,quota,5,13202,yes
2295,opener.ai,opener,6,13217,yes
2296,jumbo.ai,jumbo,5,13223,yes
2297,unreal.ai,unreal,6,13230,yes
2298,wounds.ai,wounds,6,13231,yes
2299,flint.ai,flint,5,13244,yes
2300,dummy.ai,dummy,5,13245,yes
2301,awake.ai,awake,5,13247,yes
2302,swivel.ai,swivel,6,13250,yes
2303,burnt.ai,burnt,5,13263,yes
2304,proton.ai,proton,6,13279,yes
2305,lister.ai,lister,6,13282,yes
2306,beetle.ai,beetle,6,13304,yes
2307,roast.ai,roast,5,13309,yes
2308,hummer.ai,hummer,6,13322,yes
2309,hatred.ai,hatred,6,13325,yes
2310,petty.ai,petty,5,13331,yes
2311,behave.ai,behave,6,13337,yes
2312,shiny.ai,shiny,5,13343,yes
2313,encore.ai,encore,6,13345,yes
2314,smash.ai,smash,5,13346,yes
2315,unsure.ai,unsure,6,13349,yes
2316,ample.ai,ample,5,13357,yes
2317,scarf.ai,scarf,5,13372,yes
2318,spicy.ai,spicy,5,13395,yes
2319,beard.ai,beard,5,13405,yes
2320,wedge.ai,wedge,5,13411,yes
2321,peggy.ai,peggy,5,13414,yes
2322,ripper.ai,ripper,6,13420,yes
2323,hyper.ai,hyper,5,13438,yes
2324,tailor.ai,tailor,6,13461,yes
2325,savvy.ai,savvy,5,13468,yes
2326,silva.ai,silva,5,13494,yes
2327,grease.ai,grease,6,13495,yes
2328,prima.ai,prima,5,13502,yes
2329,fetal.ai,fetal,5,13513,yes
2330,seated.ai,seated,6,13516,yes
2331,chord.ai,chord,5,13523,yes
2332,replay.ai,replay,6,13529,yes
2333,smoked.ai,smoked,6,13540,yes
2334,comet.ai,comet,5,13545,yes
2335,lotto.ai,lotto,5,13554,yes
2336,fowler.ai,fowler,6,13555,yes
2337,syrup.ai,syrup,5,13562,yes
2338,warmth.ai,warmth,6,13564,yes
2339,toggle.ai,toggle,6,13576,yes
2340,barker.ai,barker,6,13588,yes
2341,coping.ai,coping,6,13606,yes
2342,baxter.ai,baxter,6,13608,yes
2343,curved.ai,curved,6,13613,yes
2344,erase.ai,erase,5,13615,yes
2345,prose.ai,prose,5,13619,yes
2346,swear.ai,swear,5,13628,yes
2347,clown.ai,clown,5,13631,yes
2348,taboo.ai,taboo,5,13634,yes
2349,amazed.ai,amazed,6,13641,yes
2350,dwarf.ai,dwarf,5,13656,yes
2351,candid.ai,candid,6,13668,yes
2352,doesnt.ai,doesnt,6,13693,yes
2353,decker.ai,decker,6,13702,yes
2354,extern.ai,extern,6,13705,yes
2355,kitten.ai,kitten,6,13708,yes
2356,glossy.ai,glossy,6,13717,yes
2357,haired.ai,haired,6,13719,yes
2358,pablo.ai,pablo,5,13723,yes
2359,lethal.ai,lethal,6,13724,yes
2360,cavity.ai,cavity,6,13727,yes
2361,props.ai,props,5,13736,yes
2362,dough.ai,dough,5,13739,yes
2363,stool.ai,stool,5,13740,yes
2364,towing.ai,towing,6,13742,yes
2365,horde.ai,horde,5,13753,yes
2366,mommy.ai,mommy,5,13755,yes
2367,nanny.ai,nanny,5,13757,yes
2368,suburb.ai,suburb,6,13758,yes
2369,cohort.ai,cohort,6,13761,yes
2370,pueblo.ai,pueblo,6,13771,yes
2371,roach.ai,roach,5,13780,yes
2372,ashes.ai,ashes,5,13795,yes
2373,natal.ai,natal,5,13799,yes
2374,locus.ai,locus,5,13800,yes
2375,purity.ai,purity,6,13814,yes
2376,cellar.ai,cellar,6,13818,yes
2377,prone.ai,prone,5,13822,yes
2378,issuer.ai,issuer,6,13844,yes
2379,timed.ai,timed,5,13884,yes
2380,evolve.ai,evolve,6,13885,yes
2381,scare.ai,scare,5,13901,yes
2382,thief.ai,thief,5,13906,yes
2383,motif.ai,motif,5,13930,yes
2384,saloon.ai,saloon,6,13933,yes
2385,folded.ai,folded,6,13946,yes
2386,unpaid.ai,unpaid,6,13964,yes
2387,spear.ai,spear,5,13974,yes
2388,blanc.ai,blanc,5,13989,yes
2389,insist.ai,insist,6,13994,yes
2390,birch.ai,birch,5,13995,yes
2391,slash.ai,slash,5,13997,yes
2392,resale.ai,resale,6,14003,yes
2393,scalar.ai,scalar,6,14007,yes
2394,sesame.ai,sesame,6,14011,yes
2395,misuse.ai,misuse,6,14038,yes
2396,helix.ai,helix,5,14039,yes
2397,cosmos.ai,cosmos,6,14040,yes
2398,dixie.ai,dixie,5,14043,yes
2399,legion.ai,legion,6,14046,yes
2400,shook.ai,shook,5,14054,yes
2401,addict.ai,addict,6,14072,yes
2402,matte.ai,matte,5,14073,yes
2403,pistol.ai,pistol,6,14085,yes
2404,zebra.ai,zebra,5,14092,yes
2405,runway.ai,runway,6,14093,yes
2406,buckle.ai,buckle,6,14102,yes
2407,fetch.ai,fetch,5,14104,yes
2408,divers.ai,divers,6,14110,yes
2409,upside.ai,upside,6,14119,yes
2410,patron.ai,patron,6,14122,yes
2411,boiler.ai,boiler,6,14125,yes
2412,induce.ai,induce,6,14129,yes
2413,unite.ai,unite,5,14138,yes
2414,debtor.ai,debtor,6,14140,yes
2415,shear.ai,shear,5,14145,yes
2416,mortal.ai,mortal,6,14146,yes
2417,trump.ai,trump,5,14165,yes
2418,avian.ai,avian,5,14171,yes
2419,stella.ai,stella,6,14173,yes
2420,cereal.ai,cereal,6,14181,yes
2421,mellon.ai,mellon,6,14187,yes
2422,champ.ai,champ,5,14191,yes
2423,rented.ai,rented,6,14198,yes
2424,recap.ai,recap,5,14212,yes
2425,openly.ai,openly,6,14213,yes
2426,crawl.ai,crawl,5,14216,yes
2427,jabber.ai,jabber,6,14220,yes
2428,rotate.ai,rotate,6,14225,yes
2429,behold.ai,behold,6,14248,yes
2430,hazel.ai,hazel,5,14259,yes
2431,ledger.ai,ledger,6,14261,yes
2432,loader.ai,loader,6,14274,yes
2433,messy.ai,messy,5,14281,yes
2434,rupee.ai,rupee,5,14285,yes
2435,irene.ai,irene,5,14289,yes
2436,felony.ai,felony,6,14291,yes
2437,strait.ai,strait,6,14318,yes
2438,donkey.ai,donkey,6,14322,yes
2439,radial.ai,radial,6,14333,yes
2440,stole.ai,stole,5,14337,yes
2441,corona.ai,corona,6,14363,yes
2442,quasi.ai,quasi,5,14370,yes
2443,exile.ai,exile,5,14379,yes
2444,reside.ai,reside,6,14382,yes
2445,kappa.ai,kappa,5,14405,yes
2446,samson.ai,samson,6,14407,yes
2447,seldom.ai,seldom,6,14419,yes
2448,morrow.ai,morrow,6,14422,yes
2449,snoop.ai,snoop,5,14429,yes
2450,awhile.ai,awhile,6,14430,yes
2451,winery.ai,winery,6,14431,yes
2452,scaled.ai,scaled,6,14433,yes
2453,photon.ai,photon,6,14435,yes
2454,vague.ai,vague,5,14437,yes
2455,rusty.ai,rusty,5,14441,yes
2456,sting.ai,sting,5,14457,yes
2457,bravo.ai,bravo,5,14459,yes
2458,franco.ai,franco,6,14463,yes
2459,coarse.ai,coarse,6,14475,yes
2460,liter.ai,liter,5,14477,yes
2461,archer.ai,archer,6,14495,yes
2462,warmer.ai,warmer,6,14500,yes
2463,basil.ai,basil,5,14506,yes
2464,paced.ai,paced,5,14510,yes
2465,orient.ai,orient,6,14515,yes
2466,contra.ai,contra,6,14516,yes
2467,maroon.ai,maroon,6,14553,yes
2468,shack.ai,shack,5,14558,yes
2469,marrow.ai,marrow,6,14560,yes
2470,tavern.ai,tavern,6,14564,yes
2471,sleek.ai,sleek,5,14579,yes
2472,runoff.ai,runoff,6,14581,yes
2473,ariel.ai,ariel,5,14588,yes
2474,hitch.ai,hitch,5,14594,yes
2475,nexus.ai,nexus,5,14597,yes
2476,tango.ai,tango,5,14602,yes
2477,garner.ai,garner,6,14608,yes
2478,buster.ai,buster,6,14609,yes
2479,karate.ai,karate,6,14617,yes
2480,sorrow.ai,sorrow,6,14621,yes
2481,carte.ai,carte,5,14622,yes
2482,canned.ai,canned,6,14624,yes
2483,queer.ai,queer,5,14638,yes
2484,comma.ai,comma,5,14656,yes
2485,supper.ai,supper,6,14664,yes
2486,hooded.ai,hooded,6,14666,yes
2487,sonata.ai,sonata,6,14679,yes
2488,torah.ai,torah,5,14694,yes
2489,sermon.ai,sermon,6,14704,yes
2490,thrill.ai,thrill,6,14709,yes
2491,lagoon.ai,lagoon,6,14710,yes
2492,pigeon.ai,pigeon,6,14727,yes
2493,freed.ai,freed,5,14729,yes
2494,binder.ai,binder,6,14730,yes
2495,parrot.ai,parrot,6,14733,yes
2496,magnum.ai,magnum,6,14734,yes
2497,cheek.ai,cheek,5,14743,yes
2498,attain.ai,attain,6,14782,yes
2499,bowel.ai,bowel,5,14791,yes
2500,shire.ai,shire,5,14803,yes
2501,corpse.ai,corpse,6,14814,yes
2502,speedy.ai,speedy,6,14815,yes
2503,brewer.ai,brewer,6,14837,yes
2504,adhere.ai,adhere,6,14841,yes
2505,mains.ai,mains,5,14850,yes
2506,misty.ai,misty,5,14852,yes
2507,parity.ai,parity,6,14854,yes
2508,prism.ai,prism,5,14862,yes
2509,cobalt.ai,cobalt,6,14885,yes
2510,aspire.ai,aspire,6,14897,yes
2511,groom.ai,groom,5,14900,yes
2512,bonded.ai,bonded,6,14908,yes
2513,dudley.ai,dudley,6,14910,yes
2514,clive.ai,clive,5,14917,yes
2515,canary.ai,canary,6,14920,yes
2516,darby.ai,darby,5,14924,yes
2517,clergy.ai,clergy,6,14930,yes
2518,kayak.ai,kayak,5,14933,yes
2519,altar.ai,altar,5,14936,yes
2520,oyster.ai,oyster,6,14953,yes
2521,sturdy.ai,sturdy,6,14954,yes
2522,risen.ai,risen,5,14959,yes
2523,rhino.ai,rhino,5,14962,yes
2524,ruler.ai,ruler,5,14974,yes
2525,piping.ai,piping,6,14982,yes
2526,swept.ai,swept,5,14983,yes
2527,troop.ai,troop,5,14989,yes
2528,arose.ai,arose,5,14990,yes
2529,heroin.ai,heroin,6,15006,yes
2530,hogan.ai,hogan,5,15012,yes
2531,berger.ai,berger,6,15040,yes
2532,parole.ai,parole,6,15042,yes
2533,ninety.ai,ninety,6,15048,yes
2534,flock.ai,flock,5,15058,yes
2535,shave.ai,shave,5,15075,yes
2536,swamp.ai,swamp,5,15092,yes
2537,damned.ai,damned,6,15133,yes
2538,faint.ai,faint,5,15135,yes
2539,fierce.ai,fierce,6,15142,yes
2540,gland.ai,gland,5,15147,yes
2541,stoke.ai,stoke,5,15177,yes
2542,escrow.ai,escrow,6,15188,yes
2543,anthem.ai,anthem,6,15193,yes
2544,jockey.ai,jockey,6,15205,yes
2545,nasal.ai,nasal,5,15234,yes
2546,ranged.ai,ranged,6,15238,yes
2547,spruce.ai,spruce,6,15244,yes
2548,nitro.ai,nitro,5,15250,yes
2549,cortex.ai,cortex,6,15255,yes
2550,loser.ai,loser,5,15262,yes
2551,clover.ai,clover,6,15276,yes
2552,porto.ai,porto,5,15283,yes
2553,jolly.ai,jolly,5,15287,yes
2554,siege.ai,siege,5,15306,yes
2555,enamel.ai,enamel,6,15328,yes
2556,butte.ai,butte,5,15336,yes
2557,bomber.ai,bomber,6,15337,yes
2558,almond.ai,almond,6,15358,yes
2559,chalk.ai,chalk,5,15366,yes
2560,puppet.ai,puppet,6,15375,yes
2561,pillar.ai,pillar,6,15382,yes
2562,mirage.ai,mirage,6,15383,yes
2563,piracy.ai,piracy,6,15394,yes
2564,rowing.ai,rowing,6,15395,yes
2565,siding.ai,siding,6,15396,yes
2566,negro.ai,negro,5,15402,yes
2567,blanca.ai,blanca,6,15403,yes
2568,wrath.ai,wrath,5,15411,yes
2569,grind.ai,grind,5,15427,yes
2570,albeit.ai,albeit,6,15428,yes
2571,clint.ai,clint,5,15431,yes
2572,blitz.ai,blitz,5,15446,yes
2573,rainy.ai,rainy,5,15472,yes
2574,regent.ai,regent,6,15474,yes
2575,misery.ai,misery,6,15487,yes
2576,mailer.ai,mailer,6,15498,yes
2577,unread.ai,unread,6,15504,yes
2578,forged.ai,forged,6,15510,yes
2579,bistro.ai,bistro,6,15511,yes
2580,viola.ai,viola,5,15512,yes
2581,voodoo.ai,voodoo,6,15514,yes
2582,rustic.ai,rustic,6,15519,yes
2583,rumor.ai,rumor,5,15520,yes
2584,rushed.ai,rushed,6,15528,yes
2585,diver.ai,diver,5,15534,yes
2586,dexter.ai,dexter,6,15540,yes
2587,ringer.ai,ringer,6,15542,yes
2588,zipper.ai,zipper,6,15543,yes
2589,blaze.ai,blaze,5,15546,yes
2590,wreck.ai,wreck,5,15547,yes
2591,sammy.ai,sammy,5,15550,yes
2592,brock.ai,brock,5,15568,yes
2593,uptake.ai,uptake,6,15581,yes
2594,geared.ai,geared,6,15583,yes
2595,tycoon.ai,tycoon,6,15591,yes
2596,lawful.ai,lawful,6,15598,yes
2597,tandem.ai,tandem,6,15630,yes
2598,barley.ai,barley,6,15641,yes
2599,potent.ai,potent,6,15642,yes
2600,shoppy.ai,shoppy,6,15649,yes
2601,risky.ai,risky,5,15665,yes
2602,sherry.ai,sherry,6,15683,yes
2603,tulip.ai,tulip,5,15687,yes
2604,madame.ai,madame,6,15688,yes
2605,dalton.ai,dalton,6,15693,yes
2606,tivoli.ai,tivoli,6,15706,yes
2607,owing.ai,owing,5,15715,yes
2608,draper.ai,draper,6,15734,yes
2609,bowman.ai,bowman,6,15737,yes
2610,benny.ai,benny,5,15742,yes
2611,barney.ai,barney,6,15744,yes
2612,eighty.ai,eighty,6,15774,yes
2613,scarce.ai,scarce,6,15777,yes
2614,ropes.ai,ropes,5,15780,yes
2615,plague.ai,plague,6,15784,yes
2616,canine.ai,canine,6,15786,yes
2617,gladly.ai,gladly,6,15787,yes
2618,morse.ai,morse,5,15798,yes
2619,piston.ai,piston,6,15801,yes
2620,topped.ai,topped,6,15808,yes
2621,absorb.ai,absorb,6,15816,yes
2622,ditch.ai,ditch,5,15831,yes
2623,feared.ai,feared,6,15832,yes
2624,slick.ai,slick,5,15835,yes
2625,overly.ai,overly,6,15836,yes
2626,chunk.ai,chunk,5,15846,yes
2627,slept.ai,slept,5,15849,yes
2628,chalet.ai,chalet,6,15855,yes
2629,hopper.ai,hopper,6,15859,yes
2630,filler.ai,filler,6,15874,yes
2631,zenith.ai,zenith,6,15876,yes
2632,tenor.ai,tenor,5,15883,yes
2633,softly.ai,softly,6,15886,yes
2634,scrub.ai,scrub,5,15888,yes
2635,cello.ai,cello,5,15893,yes
2636,occupy.ai,occupy,6,15899,yes
2637,merlin.ai,merlin,6,15910,yes
2638,aiming.ai,aiming,6,15913,yes
2639,beanie.ai,beanie,6,15924,yes
2640,tricky.ai,tricky,6,15928,yes
2641,spaced.ai,spaced,6,15931,yes
2642,topaz.ai,topaz,5,15934,yes
2643,kettle.ai,kettle,6,15959,yes
2644,dusty.ai,dusty,5,15965,yes
2645,patty.ai,patty,5,15966,yes
2646,satire.ai,satire,6,15969,yes
2647,crate.ai,crate,5,15974,yes
2648,humane.ai,humane,6,15979,yes
2649,sworn.ai,sworn,5,15989,yes
2650,twink.ai,twink,5,15990,yes
2651,beech.ai,beech,5,16016,yes
2652,raider.ai,raider,6,16027,yes
2653,rocker.ai,rocker,6,16035,yes
2654,sawyer.ai,sawyer,6,16040,yes
2655,tense.ai,tense,5,16043,yes
2656,invoke.ai,invoke,6,16053,yes
2657,paddle.ai,paddle,6,16059,yes
2658,rooted.ai,rooted,6,16066,yes
2659,finale.ai,finale,6,16073,yes
2660,decal.ai,decal,5,16079,yes
2661,nausea.ai,nausea,6,16081,yes
2662,mover.ai,mover,5,16093,yes
2663,sleepy.ai,sleepy,6,16111,yes
2664,shrine.ai,shrine,6,16116,yes
2665,memoir.ai,memoir,6,16129,yes
2666,waking.ai,waking,6,16143,yes
2667,reflex.ai,reflex,6,16146,yes
2668,ortho.ai,ortho,5,16153,yes
2669,drupal.ai,drupal,6,16162,yes
2670,darts.ai,darts,5,16171,yes
2671,quark.ai,quark,5,16187,yes
2672,sneak.ai,sneak,5,16203,yes
2673,octet.ai,octet,5,16204,yes
2674,creole.ai,creole,6,16220,yes
2675,badger.ai,badger,6,16228,yes
2676,willy.ai,willy,5,16237,yes
2677,tomcat.ai,tomcat,6,16258,yes
2678,tidal.ai,tidal,5,16265,yes
2679,crust.ai,crust,5,16276,yes
2680,dolly.ai,dolly,5,16281,yes
2681,miner.ai,miner,5,16290,yes
2682,sponge.ai,sponge,6,16301,yes
2683,cajun.ai,cajun,5,16302,yes
2684,diner.ai,diner,5,16307,yes
2685,mound.ai,mound,5,16317,yes
2686,snatch.ai,snatch,6,16326,yes
2687,reese.ai,reese,5,16344,yes
2688,hamlet.ai,hamlet,6,16350,yes
2689,grange.ai,grange,6,16362,yes
2690,brandy.ai,brandy,6,16372,yes
2691,scion.ai,scion,5,16375,yes
2692,vortex.ai,vortex,6,16379,yes
2693,bodily.ai,bodily,6,16383,yes
2694,equine.ai,equine,6,16394,yes
2695,proto.ai,proto,5,16397,yes
2696,lizard.ai,lizard,6,16402,yes
2697,regal.ai,regal,5,16412,yes
2698,encode.ai,encode,6,16424,yes
2699,sliced.ai,sliced,6,16431,yes
2700,curly.ai,curly,5,16439,yes
2701,learnt.ai,learnt,6,16450,yes
2702,hound.ai,hound,5,16452,yes
2703,wharf.ai,wharf,5,16462,yes
2704,flick.ai,flick,5,16465,yes
2705,datum.ai,datum,5,16466,yes
2706,maize.ai,maize,5,16482,yes
2707,psalm.ai,psalm,5,16492,yes
2708,talbot.ai,talbot,6,16517,yes
2709,swell.ai,swell,5,16522,yes
2710,ville.ai,ville,5,16524,yes
2711,kosher.ai,kosher,6,16527,yes
2712,mantle.ai,mantle,6,16528,yes
2713,chico.ai,chico,5,16530,yes
2714,irony.ai,irony,5,16532,yes
2715,camper.ai,camper,6,16545,yes
2716,sophia.ai,sophia,6,16558,yes
2717,pastry.ai,pastry,6,16574,yes
2718,levin.ai,levin,5,16576,yes
2719,viper.ai,viper,5,16580,yes
2720,gypsy.ai,gypsy,5,16584,yes
2721,repeal.ai,repeal,6,16588,yes
2722,cyclic.ai,cyclic,6,16595,yes
2723,admire.ai,admire,6,16605,yes
2724,suffix.ai,suffix,6,16619,yes
2725,mister.ai,mister,6,16629,yes
2726,flare.ai,flare,5,16632,yes
2727,wight.ai,wight,5,16634,yes
2728,crank.ai,crank,5,16647,yes
2729,creamy.ai,creamy,6,16653,yes
2730,brace.ai,brace,5,16663,yes
2731,ryder.ai,ryder,5,16670,yes
2732,mayhem.ai,mayhem,6,16672,yes
2733,octave.ai,octave,6,16678,yes
2734,garth.ai,garth,5,16700,yes
2735,paolo.ai,paolo,5,16707,yes
2736,mango.ai,mango,5,16719,yes
2737,polite.ai,polite,6,16723,yes
2738,thigh.ai,thigh,5,16725,yes
2739,paving.ai,paving,6,16727,yes
2740,windy.ai,windy,5,16762,yes
2741,alamo.ai,alamo,5,16768,yes
2742,steer.ai,steer,5,16778,yes
2743,vogue.ai,vogue,5,16780,yes
2744,vodka.ai,vodka,5,16798,yes
2745,jingle.ai,jingle,6,16809,yes
2746,bounty.ai,bounty,6,16810,yes
2747,absurd.ai,absurd,6,16818,yes
2748,embryo.ai,embryo,6,16828,yes
2749,unsafe.ai,unsafe,6,16845,yes
2750,moist.ai,moist,5,16857,yes
2751,append.ai,append,6,16874,yes
2752,motive.ai,motive,6,16875,yes
2753,bethel.ai,bethel,6,16886,yes
2754,faulty.ai,faulty,6,16930,yes
2755,brunch.ai,brunch,6,16936,yes
2756,pundit.ai,pundit,6,16938,yes
2757,expiry.ai,expiry,6,16947,yes
2758,petit.ai,petit,5,16953,yes
2759,inning.ai,inning,6,16956,yes
2760,stall.ai,stall,5,16979,yes
2761,marcel.ai,marcel,6,16986,yes
2762,flores.ai,flores,6,16995,yes
2763,serif.ai,serif,5,16999,yes
2764,scotch.ai,scotch,6,17024,yes
2765,galore.ai,galore,6,17038,yes
2766,utter.ai,utter,5,17054,yes
2767,theirs.ai,theirs,6,17064,yes
2768,cater.ai,cater,5,17070,yes
2769,emblem.ai,emblem,6,17091,yes
2770,sniper.ai,sniper,6,17124,yes
2771,pinch.ai,pinch,5,17127,yes
2772,braces.ai,braces,6,17138,yes
2773,troll.ai,troll,5,17139,yes
2774,filth.ai,filth,5,17148,yes
2775,kraft.ai,kraft,5,17156,yes
2776,crises.ai,crises,6,17178,yes
2777,algae.ai,algae,5,17192,yes
2778,choral.ai,choral,6,17203,yes
2779,edible.ai,edible,6,17214,yes
2780,shady.ai,shady,5,17229,yes
2781,evenly.ai,evenly,6,17231,yes
2782,lionel.ai,lionel,6,17238,yes
2783,erect.ai,erect,5,17242,yes
2784,coyote.ai,coyote,6,17254,yes
2785,pollen.ai,pollen,6,17263,yes
2786,valet.ai,valet,5,17267,yes
2787,cheng.ai,cheng,5,17269,yes
2788,barrow.ai,barrow,6,17278,yes
2789,jihad.ai,jihad,5,17281,yes
2790,excise.ai,excise,6,17290,yes
2791,poetic.ai,poetic,6,17291,yes
2792,mortar.ai,mortar,6,17293,yes
2793,blamed.ai,blamed,6,17295,yes
2794,inmate.ai,inmate,6,17298,yes
2795,septic.ai,septic,6,17306,yes
2796,armada.ai,armada,6,17308,yes
2797,wrench.ai,wrench,6,17309,yes
2798,amelia.ai,amelia,6,17317,yes
2799,sloan.ai,sloan,5,17333,yes
2800,flawed.ai,flawed,6,17335,yes
2801,palma.ai,palma,5,17354,yes
2802,taxis.ai,taxis,5,17361,yes
2803,carton.ai,carton,6,17381,yes
2804,outlaw.ai,outlaw,6,17392,yes
2805,tammy.ai,tammy,5,17393,yes
2806,bovine.ai,bovine,6,17395,yes
2807,madam.ai,madam,5,17403,yes
2808,tights.ai,tights,6,17404,yes
2809,tease.ai,tease,5,17420,yes
2810,motley.ai,motley,6,17421,yes
2811,aroma.ai,aroma,5,17423,yes
2812,punish.ai,punish,6,17439,yes
2813,causal.ai,causal,6,17443,yes
2814,rowan.ai,rowan,5,17446,yes
2815,dwell.ai,dwell,5,17449,yes
2816,hacked.ai,hacked,6,17450,yes
2817,stair.ai,stair,5,17461,yes
2818,classy.ai,classy,6,17469,yes
2819,saline.ai,saline,6,17495,yes
2820,sonny.ai,sonny,5,17496,yes
2821,botany.ai,botany,6,17506,yes
2822,rotor.ai,rotor,5,17508,yes
2823,quart.ai,quart,5,17510,yes
2824,theres.ai,theres,6,17511,yes
2825,bison.ai,bison,5,17512,yes
2826,fungi.ai,fungi,5,17519,yes
2827,dreamy.ai,dreamy,6,17522,yes
2828,greed.ai,greed,5,17531,yes
2829,gasket.ai,gasket,6,17538,yes
2830,lastly.ai,lastly,6,17540,yes
2831,wander.ai,wander,6,17542,yes
2832,micron.ai,micron,6,17554,yes
2833,pantie.ai,pantie,6,17561,yes
2834,covert.ai,covert,6,17563,yes
2835,crater.ai,crater,6,17564,yes
2836,thence.ai,thence,6,17575,yes
2837,bleed.ai,bleed,5,17577,yes
2838,goblet.ai,goblet,6,17589,yes
2839,incur.ai,incur,5,17603,yes
2840,nifty.ai,nifty,5,17616,yes
2841,utmost.ai,utmost,6,17620,yes
2842,planar.ai,planar,6,17654,yes
2843,quorum.ai,quorum,6,17669,yes
2844,muller.ai,muller,6,17685,yes
2845,mosque.ai,mosque,6,17687,yes
2846,fudge.ai,fudge,5,17688,yes
2847,sander.ai,sander,6,17705,yes
2848,climax.ai,climax,6,17713,yes
2849,weave.ai,weave,5,17716,yes
2850,pardon.ai,pardon,6,17724,yes
2851,teller.ai,teller,6,17732,yes
2852,biopsy.ai,biopsy,6,17736,yes
2853,quarry.ai,quarry,6,17743,yes
2854,insult.ai,insult,6,17766,yes
2855,buggy.ai,buggy,5,17771,yes
2856,recon.ai,recon,5,17774,yes
2857,kennel.ai,kennel,6,17775,yes
2858,slack.ai,slack,5,17781,yes
2859,pastel.ai,pastel,6,17784,yes
2860,royale.ai,royale,6,17799,yes
2861,gorge.ai,gorge,5,17801,yes
2862,carrot.ai,carrot,6,17803,yes
2863,opaque.ai,opaque,6,17805,yes
2864,hurley.ai,hurley,6,17816,yes
2865,pager.ai,pager,5,17839,yes
2866,banjo.ai,banjo,5,17848,yes
2867,shaker.ai,shaker,6,17849,yes
2868,stout.ai,stout,5,17856,yes
2869,hanna.ai,hanna,5,17872,yes
2870,fading.ai,fading,6,17876,yes
2871,endure.ai,endure,6,17899,yes
2872,cursed.ai,cursed,6,17926,yes
2873,tumble.ai,tumble,6,17934,yes
2874,stare.ai,stare,5,17937,yes
2875,missy.ai,missy,5,17939,yes
2876,flair.ai,flair,5,17945,yes
2877,helium.ai,helium,6,17946,yes
2878,finely.ai,finely,6,17960,yes
2879,smoker.ai,smoker,6,17978,yes
2880,benign.ai,benign,6,17979,yes
2881,aisle.ai,aisle,5,17982,yes
2882,sludge.ai,sludge,6,17990,yes
2883,tanned.ai,tanned,6,17993,yes
2884,bunker.ai,bunker,6,17995,yes
2885,mormon.ai,mormon,6,18010,yes
2886,seize.ai,seize,5,18031,yes
2887,spawn.ai,spawn,5,18033,yes
2888,stony.ai,stony,5,18042,yes
2889,annals.ai,annals,6,18049,yes
2890,punta.ai,punta,5,18058,yes
2891,crypt.ai,crypt,5,18063,yes
2892,bogus.ai,bogus,5,18068,yes
2893,barred.ai,barred,6,18073,yes
2894,urging.ai,urging,6,18084,yes
2895,faded.ai,faded,5,18087,yes
2896,tying.ai,tying,5,18093,yes
2897,diode.ai,diode,5,18095,yes
2898,melted.ai,melted,6,18102,yes
2899,motto.ai,motto,5,18119,yes
2900,staple.ai,staple,6,18124,yes
2901,grille.ai,grille,6,18148,yes
2902,deter.ai,deter,5,18159,yes
2903,furry.ai,furry,5,18161,yes
2904,rinse.ai,rinse,5,18173,yes
2905,ulster.ai,ulster,6,18180,yes
2906,venom.ai,venom,5,18185,yes
2907,tailed.ai,tailed,6,18191,yes
2908,mummy.ai,mummy,5,18208,yes
2909,winged.ai,winged,6,18212,yes
2910,ruined.ai,ruined,6,18218,yes
2911,sanity.ai,sanity,6,18221,yes
2912,ether.ai,ether,5,18222,yes
2913,rumble.ai,rumble,6,18227,yes
2914,heroic.ai,heroic,6,18232,yes
2915,bonsai.ai,bonsai,6,18249,yes
2916,faucet.ai,faucet,6,18283,yes
2917,midget.ai,midget,6,18292,yes
2918,boiled.ai,boiled,6,18296,yes
2919,wacky.ai,wacky,5,18309,yes
2920,anemia.ai,anemia,6,18315,yes
2921,biting.ai,biting,6,18316,yes
2922,muddy.ai,muddy,5,18321,yes
2923,latent.ai,latent,6,18352,yes
2924,shalt.ai,shalt,5,18358,yes
2925,hector.ai,hector,6,18365,yes
2926,wicker.ai,wicker,6,18379,yes
2927,nephew.ai,nephew,6,18386,yes
2928,visor.ai,visor,5,18394,yes
2929,myriad.ai,myriad,6,18403,yes
2930,sandal.ai,sandal,6,18405,yes
2931,naive.ai,naive,5,18407,yes
2932,hanger.ai,hanger,6,18415,yes
2933,blazer.ai,blazer,6,18436,yes
2934,linden.ai,linden,6,18438,yes
2935,folio.ai,folio,5,18448,yes
2936,fiery.ai,fiery,5,18470,yes
2937,convex.ai,convex,6,18471,yes
2938,soleil.ai,soleil,6,18479,yes
2939,surfer.ai,surfer,6,18482,yes
2940,paired.ai,paired,6,18497,yes
2941,caucus.ai,caucus,6,18509,yes
2942,salute.ai,salute,6,18518,yes
2943,shoppe.ai,shoppe,6,18519,yes
2944,parody.ai,parody,6,18520,yes
2945,acorn.ai,acorn,5,18533,yes
2946,cation.ai,cation,6,18542,yes
2947,thrive.ai,thrive,6,18549,yes
2948,basal.ai,basal,5,18555,yes
2949,smoky.ai,smoky,5,18575,yes
2950,flirt.ai,flirt,5,18579,yes
2951,slang.ai,slang,5,18580,yes
2952,finch.ai,finch,5,18593,yes
2953,largo.ai,largo,5,18600,yes
2954,plural.ai,plural,6,18603,yes
2955,tally.ai,tally,5,18615,yes
2956,creep.ai,creep,5,18621,yes
2957,shaded.ai,shaded,6,18625,yes
2958,agile.ai,agile,5,18644,yes
2959,kiosk.ai,kiosk,5,18649,yes
2960,ionic.ai,ionic,5,18650,yes
2961,stray.ai,stray,5,18651,yes
2962,hoodie.ai,hoodie,6,18655,yes
2963,poppy.ai,poppy,5,18661,yes
2964,frenzy.ai,frenzy,6,18665,yes
2965,jargon.ai,jargon,6,18667,yes
2966,bazaar.ai,bazaar,6,18682,yes
2967,greedy.ai,greedy,6,18694,yes
2968,basque.ai,basque,6,18708,yes
2969,dorado.ai,dorado,6,18718,yes
2970,daring.ai,daring,6,18719,yes
2971,forte.ai,forte,5,18726,yes
2972,fiddle.ai,fiddle,6,18731,yes
2973,crunch.ai,crunch,6,18732,yes
2974,waive.ai,waive,5,18763,yes
2975,logger.ai,logger,6,18779,yes
2976,greet.ai,greet,5,18781,yes
2977,lymph.ai,lymph,5,18790,yes
2978,latch.ai,latch,5,18818,yes
2979,drank.ai,drank,5,18821,yes
2980,grower.ai,grower,6,18825,yes
2981,raging.ai,raging,6,18847,yes
2982,torso.ai,torso,5,18858,yes
2983,occult.ai,occult,6,18859,yes
2984,hooker.ai,hooker,6,18862,yes
2985,lucent.ai,lucent,6,18896,yes
2986,marlin.ai,marlin,6,18913,yes
2987,theses.ai,theses,6,18915,yes
2988,hinge.ai,hinge,5,18935,yes
2989,ultima.ai,ultima,6,18937,yes
2990,stunt.ai,stunt,5,18956,yes
2991,staged.ai,staged,6,18960,yes
2992,hustle.ai,hustle,6,18963,yes
2993,witty.ai,witty,5,18968,yes
2994,hertz.ai,hertz,5,18974,yes
2995,capped.ai,capped,6,18976,yes
2996,liking.ai,liking,6,18981,yes
2997,blower.ai,blower,6,18990,yes
2998,flown.ai,flown,5,18993,yes
2999,silky.ai,silky,5,18996,yes
3000,groovy.ai,groovy,6,18998,yes
3001,repay.ai,repay,5,19016,yes
3002,await.ai,await,5,19022,yes
3003,sparse.ai,sparse,6,19025,yes
3004,fetus.ai,fetus,5,19033,yes
3005,cider.ai,cider,5,19037,yes
3006,remake.ai,remake,6,19055,yes
3007,lilac.ai,lilac,5,19070,yes
3008,sinus.ai,sinus,5,19071,yes
3009,harman.ai,harman,6,19076,yes
3010,pivot.ai,pivot,5,19091,yes
3011,huron.ai,huron,5,19094,yes
3012,glide.ai,glide,5,19114,yes
3013,slogan.ai,slogan,6,19143,yes
3014,waltz.ai,waltz,5,19163,yes
3015,menace.ai,menace,6,19164,yes
3016,blush.ai,blush,5,19173,yes
3017,geisha.ai,geisha,6,19189,yes
3018,unseen.ai,unseen,6,19195,yes
3019,silica.ai,silica,6,19199,yes
3020,modal.ai,modal,5,19202,yes
3021,medley.ai,medley,6,19211,yes
3022,cadet.ai,cadet,5,19212,yes
3023,temper.ai,temper,6,19215,yes
3024,yorker.ai,yorker,6,19216,yes
3025,morale.ai,morale,6,19278,yes
3026,solder.ai,solder,6,19280,yes
3027,trench.ai,trench,6,19281,yes
3028,lodged.ai,lodged,6,19291,yes
3029,revolt.ai,revolt,6,19292,yes
3030,regain.ai,regain,6,19303,yes
3031,resize.ai,resize,6,19304,yes
3032,tweak.ai,tweak,5,19308,yes
3033,trait.ai,trait,5,19310,yes
3034,busted.ai,busted,6,19312,yes
3035,eater.ai,eater,5,19321,yes
3036,utopia.ai,utopia,6,19324,yes
3037,slider.ai,slider,6,19325,yes
3038,cyrus.ai,cyrus,5,19338,yes
3039,manure.ai,manure,6,19345,yes
3040,savior.ai,savior,6,19346,yes
3041,creepy.ai,creepy,6,19357,yes
3042,filthy.ai,filthy,6,19359,yes
3043,piazza.ai,piazza,6,19376,yes
3044,piles.ai,piles,5,19385,yes
3045,blanco.ai,blanco,6,19388,yes
3046,stroll.ai,stroll,6,19390,yes
3047,infect.ai,infect,6,19395,yes
3048,bezel.ai,bezel,5,19396,yes
3049,dotted.ai,dotted,6,19400,yes
3050,havoc.ai,havoc,5,19402,yes
3051,ballad.ai,ballad,6,19415,yes
3052,sling.ai,sling,5,19417,yes
3053,ravens.ai,ravens,6,19430,yes
3054,nuclei.ai,nuclei,6,19441,yes
3055,tummy.ai,tummy,5,19443,yes
3056,axial.ai,axial,5,19444,yes
3057,outing.ai,outing,6,19450,yes
3058,julio.ai,julio,5,19473,yes
3059,affirm.ai,affirm,6,19474,yes
3060,epoch.ai,epoch,5,19477,yes
3061,plaid.ai,plaid,5,19483,yes
3062,fable.ai,fable,5,19485,yes
3063,whisky.ai,whisky,6,19494,yes
3064,uptown.ai,uptown,6,19496,yes
3065,batter.ai,batter,6,19499,yes
3066,rectal.ai,rectal,6,19502,yes
3067,pallet.ai,pallet,6,19516,yes
3068,tanner.ai,tanner,6,19521,yes
3069,obese.ai,obese,5,19528,yes
3070,sober.ai,sober,5,19532,yes
3071,tread.ai,tread,5,19534,yes
3072,wigan.ai,wigan,5,19545,yes
3073,paddy.ai,paddy,5,19550,yes
3074,plunge.ai,plunge,6,19555,yes
3075,chaser.ai,chaser,6,19564,yes
3076,norma.ai,norma,5,19570,yes
3077,crosse.ai,crosse,6,19573,yes
3078,coffin.ai,coffin,6,19591,yes
3079,otter.ai,otter,5,19592,yes
3080,recess.ai,recess,6,19598,yes
3081,sassy.ai,sassy,5,19616,yes
3082,coward.ai,coward,6,19626,yes
3083,preset.ai,preset,6,19631,yes
3084,riches.ai,riches,6,19660,yes
3085,resign.ai,resign,6,19661,yes
3086,poised.ai,poised,6,19671,yes
3087,dread.ai,dread,5,19676,yes
3088,tactic.ai,tactic,6,19680,yes
3089,wisely.ai,wisely,6,19697,yes
3090,larvae.ai,larvae,6,19732,yes
3091,fungal.ai,fungal,6,19756,yes
3092,riddle.ai,riddle,6,19762,yes
3093,nozzle.ai,nozzle,6,19777,yes
3094,needy.ai,needy,5,19779,yes
3095,weary.ai,weary,5,19799,yes
3096,tweed.ai,tweed,5,19804,yes
3097,snowy.ai,snowy,5,19805,yes
3098,minnie.ai,minnie,6,19824,yes
3099,genie.ai,genie,5,19826,yes
3100,slater.ai,slater,6,19841,yes
3101,orphan.ai,orphan,6,19846,yes
3102,linker.ai,linker,6,19853,yes
3103,carver.ai,carver,6,19856,yes
3104,inward.ai,inward,6,19881,yes
3105,starch.ai,starch,6,19898,yes
3106,apron.ai,apron,5,19901,yes
3107,fluffy.ai,fluffy,6,19916,yes
3108,bender.ai,bender,6,19920,yes
3109,glazed.ai,glazed,6,19937,yes
3110,dashed.ai,dashed,6,19939,yes
3111,yummy.ai,yummy,5,19953,yes
3112,wilder.ai,wilder,6,19964,yes
3113,husky.ai,husky,5,19973,yes
3114,bland.ai,bland,5,19975,yes
3115,ching.ai,ching,5,19984,yes
